image,subset
14018he.mrxs.label_modified.png,train
116334-01 Ki-67.mrxs.label.jpeg,train
22821.2.2.mrxs.label_modified.png,train
114182_1_he.mrxs.label_modified.png,train
114779 HE.mrxs.label.jpeg,train
K00114282_007_HE.mrxs.label_modified.png,train
102659-07 HE.mrxs.label_modified.png,train
115417-01 CyclD1.mrxs.label_modified.png,train
2.jpeg,train
113807_1_HE.mrxs.label.jpeg,train
101765 ER.mrxs.label_modified.png,train
FAILbarcode_5125-2022-08-05 08.35.19_label_modified.png,train
114719-01 ING.mrxs.label - Copy_modified.png,train
108018_HE_1.mrxs.label.jpeg,train
309732ki67.mrxs.label.jpeg,train
311080 CD20.mrxs.label.jpeg,train
115131-05 OCT2.mrxs.label_modified.png,train
O00304762_003HE.mrxs.label_modified.png,train
310724_01 HE.mrxs.label_modified.png,train
O00371804_024_HE.mrxs.label.jpeg,train
5125-2022-08-05 08.46.52.ndpi.label.jpeg.png,train
1306.svs.label.jpeg,train
104332 HER2.mrxs.label.jpeg,train
3188.14he.mrxs.label_modified.png,train
113582_1_HE.mrxs.label.jpeg,train
319348_01 ER.mrxs.label.jpeg,train
18870.7.1.mrxs.label_modified.png,train
102731-02 HE.mrxs.label.jpeg,train
O00371805_14_HE.mrxs.label_modified.png,train
113580_1_HE.mrxs.label.jpeg,train
319348_01 PR.mrxs.label_modified.png,train
114036-01 ERCC-1.mrxs.label_modified.png,train
14018he.mrxs.label.jpeg,train
2044CD56.mrxs.label_modified.png,train
110838-04 HE.mrxs.label.jpeg,train
118285-01 PD1.mrxs.label.jpeg,train
101852-mum1.mrxs.label.jpeg,train
108106CD3.mrxs.label_modified.png,train
114758-09 HE.mrxs.label.jpeg,train
K00119903_001_15-2-2022_16-43-32.mrxs.label.jpeg.png,train
28661HER2.mrxs.label.jpeg,train
3188.14p63.mrxs.label_modified.png,train
2044CD3.mrxs.label.jpeg,train
5125-2022-08-05 08.45.24.ndpi.label.jpeg_modified.png,train
003262Ki67.mrxs.label - Copy.jpeg,train
341995.mrxs.label.jpeg,train
1328.svs.label_modified.png,train
1000006.svs.label.jpeg,train
304885_01 PR.mrxs.label_modified.png,train
103202 P53.mrxs.label.jpeg,train
K00119903_001_15-2-2022_16-45-40.mrxs.label.jpeg.png,train
003262PgR.mrxs.label.jpeg,train
38894.svs.label_modified.png,train
28661K HER2.mrxs.label_modified.png,train
104414-02 WT1.mrxs.label.jpeg,train
1TMA RP.mrxs.label - Copy_modified.png,train
117416-01 Ki-67.mrxs.label_modified.png,train
104028 TTF1.mrxs.label.jpeg,train
113335-02 HE.mrxs.label_modified.png,train
2456CD79.mrxs.label_modified.png,train
310730_2 HE.mrxs.label.jpeg,train
300983_01 HE.mrxs.label_modified.png,train
102731-02 CD57.mrxs.label.jpeg,train
2315%3A-20(Ki-67).mrxs.label.jpeg,train
110926-01 desm.mrxs.label.jpeg,train
310646.1_HE.mrxs.label_modified.png,train
108106 CD30.mrxs.label_modified.png,train
114124_1_he.mrxs.label_modified.png,train
K00119903_001_15-2-2022_16-45-40.mrxs.label.jpeg_modified.png,train
11557CD15.mrxs.label_modified.png,train
115236-01 CD23.mrxs.label_modified.png,train
103431_02lca.mrxs.label_modified.png,train
1307.svs.label.jpeg,train
K00107866_01 HE.mrxs.label_modified.png,train
118866-02 HE.mrxs.label.jpeg,train
B00416643_001_GATA3.mrxs.label.jpeg_modified.png,train
114122_1_he.mrxs.label - Copy_modified.png,train
104028 ER.mrxs.label_modified.png,train
309732egfr.mrxs.label_modified.png,train
113807_1_HE.mrxs.label_modified.png,train
109966-01 S-100.mrxs.label_modified.png,train
116334-01 KAPPA.mrxs.label_modified.png,train
114179_1_pd_l1.mrxs.label_modified.png,train
B00408335_001_c-myc.mrxs.label_modified.png,train
108018_HE_2.mrxs.label.jpeg,train
107318-01 HE.mrxs.label.jpeg,train
334285 Ki-67.mrxs.label.jpeg,train
118914-01 bcl-6.mrxs.label.jpeg,train
334285 PR.mrxs.label.jpeg,train
1143HE.mrxs.label.jpeg,train
12341_10_19.svs.label_modified.png,train
K00107746_01_13-1-2022_15-17-51.mrxs.label.jpeg.png,train
101257 AR.mrxs.label.jpeg,train
105293-01 HE.mrxs.label.jpeg,train
342957-11 HE.mrxs.label.jpeg,train
14TMA ER.mrxs.label - Copy.jpeg,train
B00384218_001HE_15-3-2022_12-47-10.mrxs.label.jpeg,train
1507HE.mrxs.label.jpeg,train
316633_01 ER.mrxs.label.jpeg,train
115215-03 HE.mrxs.label_modified.png,train
342576 CHR A.mrxs.label_modified.png,train
113265_1_HE.mrxs.label_modified.png,train
K00119903_001_15-2-2022_16-38-06.mrxs.label.jpeg_modified.png,train
108018 CK5-6.mrxs.label.jpeg,train
314456 ki67.mrxs.label.jpeg,train
334285 HER2.mrxs.label.jpeg,train
110838-02 HE.mrxs.label_modified.png,train
1313.svs.label - Copy.jpeg,train
101765-01 PAX8.mrxs.label.jpeg,train
3375ALK.mrxs.label.jpeg,train
anti-s100.svs.label_modified.png,train
118866-03 HE.mrxs.label.jpeg,train
102046-ki67.mrxs.label_modified.png,train
O00357599_12_HE.mrxs.label_modified.png,train
305354.10.mrxs.label.jpeg,train
101864 PR.mrxs.label_modified.png,train
29753-14-2.mrxs.label.jpeg,train
342957-11 HE.mrxs.label_modified.png,train
K00126630_001_HE_17-2-2021_15-02-05.mrxs.label_modified.png,train
13TMA KI67x40 Ventana.mrxs.label - Copy_modified.png,train
312441.mrxs.label_modified.png,train
101852-mck.mrxs.label_modified.png,train
114067-02 HE.mrxs.label.jpeg,train
3414ALK.mrxs.label.jpeg,train
33006 345204 p16.mrxs.label_modified.png,train
100063 3.mrxs.label_modified.png,train
114067-01 HE.mrxs.label - Copy.jpeg,train
B00413265_001_HER-2.mrxs.label.jpeg.png,train
102150-4-he.mrxs.label.jpeg,train
14TMAphh3.mrxs.label.jpeg,train
2315%3A-20(CD8).mrxs.label.jpeg,train
1M01.mrxs.label_modified.png,train
342957-09 HE.mrxs.label.jpeg,train
118866-02 HE.mrxs.label_modified.png,train
340428ki67.mrxs.label_modified.png,train
319799_01 ER.mrxs.label.jpeg,train
305345_01 HE.mrxs.label.jpeg,train
312069ki67.mrxs.label_modified.png,train
O00414604_002_HE.mrxs.label.jpeg.png,train
K00112488_003_CD 34.mrxs.label.jpeg.png,train
103715-03-cmyc.mrxs.label_modified.png,train
113808-01 HE.mrxs.label.jpeg,train
17741 phh3.mrxs.label_modified.png,train
108018 thyrosinaza.mrxs.label.jpeg,train
110020-04 HE.mrxs.label.jpeg,train
FAILbarcode_402712 - 2022-08-05 09.32.17_label.png,train
312490 ki67.mrxs.label.jpeg,train
101963-myoD1.mrxs.label_modified.png,train
308248_01 HER2.mrxs.label_modified.png,train
103202-01 CDX2.mrxs.label_modified.png,train
310737ki67v.mrxs.label.jpeg,train
102034-03-HE.mrxs.label_modified.png,train
anti-ki67.svs.label.jpeg,train
311808.mrxs.label.jpeg,train
338353.mrxs.label.jpeg,train
29.svs.label_modified.png,train
113392-01 CD5.mrxs.label_modified.png,train
2639bcl2.mrxs.label.jpeg,train
104332 ER.mrxs.label.jpeg,train
103202-01 CK20.mrxs.label.jpeg,train
102034-03-HE.mrxs.label.jpeg,train
310646.6_HE.mrxs.label.jpeg,train
O00372241_007_HE.mrxs.label.jpeg,train
304311 HE.mrxs.label_modified.png,train
103202-01 Muc2.mrxs.label_modified.png,train
115215-02 HE.mrxs.label.jpeg,train
118430-01 PAX8.mrxs.label.jpeg,train
K00114750_012HE.mrxs.label.jpeg.png,train
3414CD10.mrxs.label_modified.png,train
O00372241_007_HE.mrxs.label_modified.png,train
107782 Ki-67.1.mrxs.label.jpeg,train
332570ER.mrxs.label_modified.png,train
118491-01 bcl-2.mrxs.label.jpeg,train
22821.2.2.mrxs.label.jpeg,train
312490ki67.mrxs.label - Copy.jpeg,train
12347.11.1.mrxs.label.jpeg,train
100064 HE.mrxs.label_modified.png,train
102340-03 HE.mrxs.label.jpeg,train
102731-02 HE.mrxs.label_modified.png,train
103715-03-bcl2.mrxs.label_modified.png,train
102053-he16.mrxs.label.jpeg,train
319348_01 HER2.mrxs.label.jpeg,train
102157 CD3.mrxs.label_modified.png,train
115215-01 PAX5.mrxs.label.jpeg,train
110926-01 desm.mrxs.label_modified.png,train
O00418291_001_GATA3.mrxs.label.jpeg_modified.png,train
342576 CK8.mrxs.label.jpeg,train
343514-01 HER2.mrxs.label_modified.png,train
1143HE.mrxs.label_modified.png,train
309732.mrxs.label_modified.png,train
311889_3 HE.mrxs.label_modified.png,train
311931.6.mrxs.label.jpeg,train
119180-03 TTF-1.mrxs.label_modified.png,train
2639bcl2.mrxs.label_modified.png,train
314456 ki67.mrxs.label_modified.png,train
1331.svs.label.jpeg,train
102731 Ki-67.mrxs.label.jpeg,train
B00408335_001_bcl-2.mrxs.label_modified.png,train
2252CD5.mrxs.label_modified.png,train
308314_02 HER2.mrxs.label_modified.png,train
B00382432_022_HE.mrxs.label_modified.png,train
104028 p40.mrxs.label.jpeg,train
2044CD2.mrxs.label.jpeg,train
103431_02cd30.mrxs.label_modified.png,train
101765-01 HE.mrxs.label.jpeg,train
1425L.mrxs.label.jpeg,train
319347 HE.mrxs.label_modified.png,train
308262-03 ER-PR.mrxs.label.jpeg,train
K00119903_001_15-2-2022_16-46-36.mrxs.label.jpeg_modified.png,train
340365-2 HE.mrxs.label_modified.png,train
319799_01 HER2.mrxs.label_modified.png,train
311864.6.mrxs.label_modified.png,train
118285-01 ICOS.mrxs.label.jpeg,train
117845-01 CromA.mrxs.label_modified.png,train
3425CD3.mrxs.label_modified.png,train
116334-01 KAPPA.mrxs.label.jpeg,train
B00408335_001_bcl-2.mrxs.label.jpeg,train
1070.svs.label.jpeg,train
O00357599_12_HE.mrxs.label.jpeg,train
310640_02 HE.mrxs.label.jpeg,train
101852-he.mrxs.label_modified.png,train
K00109281_09_HE.mrxs.label_modified.png,train
115417-01 Ki-67.mrxs.label.jpeg,train
27382.mrxs.label.jpeg,train
110838-05 HE.mrxs.label_modified.png,train
anti-desmin.svs.label.jpeg,train
K00126679 S100.2.mrxs.label.jpeg.png,train
117416-01 Ki-67.mrxs.label.jpeg,train
114866-05 HE.mrxs.label_modified.png,train
115417-01 CD3.mrxs.label.jpeg,train
29386.10.6.mrxs.label - Copy.jpeg,train
1323.svs.label.jpeg,train
114779 Ki67.mrxs.label.jpeg,train
14TMA phh3.mrxs.label_modified.png,train
10TMA P63.mrxs.label_modified.png,train
102340-02 HE.mrxs.label_modified.png,train
305354 HE.mrxs.label.jpeg,train
107198_02_ttf1.mrxs.label_modified.png,train
342957-14 HE.mrxs.label_modified.png,train
114758-07 HE.mrxs.label.jpeg,train
110072 HE.mrxs.label_modified.png,train
29386.10.6.mrxs.label.jpeg,train
114182_1_pd_l1.mrxs.label_modified.png,train
102659-14 HE.mrxs.label.jpeg,train
102050-cd5.mrxs.label_modified.png,train
108018_HE_4.mrxs.label.jpeg,train
108106 HE.1.mrxs.label.jpeg,train
24604.2.mrxs.label_modified.png,train
114815-22 HE.mrxs.label_modified.png,train
113530_1_HE.mrxs.label_modified.png,train
27527_1.mrxs.label_modified.png,train
K00107420_01_CDX-2.mrxs.label.jpeg.png,train
101765 CK7.mrxs.label.jpeg,train
29753.14.2.mrxs.label.jpeg,train
102150-2-he.mrxs.label.jpeg,train
110040-3 HE.mrxs.label_modified.png,train
107198_02_he.mrxs.label.jpeg,train
29386.10.1.mrxs.label_modified.png,train
333275-01 HE.mrxs.label_modified.png,train
118365-04 HE.mrxs.label.jpeg,train
O00357524_02_HE.mrxs.label_modified.png,train
114067-04 HE.mrxs.label.jpeg,train
102731-02 OCT2.mrxs.label_modified.png,train
111332-03 HE.mrxs.label.jpeg,train
13982-5-8-1.mrxs.label_modified.png,train
109966-01 MSA.mrxs.label_modified.png,train
1097.svs.label.jpeg,train
113451-01 HE.mrxs.label.jpeg,train
114067-02 HE.mrxs.label - Copy.jpeg,train
312490ki67.mrxs.label.jpeg,train
318466 CD30.mrxs.label_modified.png,train
116306-01 p53.mrxs.label.jpeg,train
240531 ki67.mrxs.label_modified.png,train
312441he.mrxs.label_modified.png,train
B00383517_001HE.mrxs.label.jpeg,train
316633_01 HE.mrxs.label_modified.png,train
114067-05 HE.mrxs.label.jpeg,train
101864-01 HE.mrxs.label.jpeg,train
115236-01 CD20.mrxs.label_modified.png,train
2794CD23.mrxs.label_modified.png,train
101852-mck.mrxs.label.jpeg,train
101765 CK7.mrxs.label_modified.png,train
107782 MUM1.mrxs.label_modified.png,train
102659-14 HE.mrxs.label_modified.png,train
102659-11 HE.mrxs.label_modified.png,train
108111-01 HE.mrxs.label.jpeg,train
113451-01 HE.mrxs.label_modified.png,train
313070HER2.mrxs.label_modified.png,train
113578_1_HE.mrxs.label - Copy_modified.png,train
305344_1 HE.mrxs.label.jpeg,train
102046-cd56.mrxs.label.jpeg,train
27382.mrxs.label_modified.png,train
1309.svs.label_modified.png,train
114758-10 HE.mrxs.label.jpeg,train
312441.mrxs.label.jpeg,train
119180-03 Ki-67.mrxs.label_modified.png,train
10.mrxs.label_modified.png,train
342576 CD56.mrxs.label.jpeg,train
117892-01 EMA.mrxs.label_modified.png,train
102340-07 HE.mrxs.label_modified.png,train
340428pgr.mrxs.label_modified.png,train
114758-01 HE.mrxs.label.jpeg,train
308262-03 HER2.mrxs.label_modified.png,train
107198_02_tle1.mrxs.label.jpeg,train
103715-03-cyclinD1.mrxs.label_modified.png,train
104471 Ki-67.mrxs.label_modified.png,train
1409CD23.mrxs.label_modified.png,train
310896KI67.mrxs.label_modified.png,train
22860.11.2.mrxs.label.jpeg,train
110040-1 HE.mrxs.label.jpeg,train
24604.2.mrxs.label.jpeg,train
115417-01 HE.mrxs.label.jpeg,train
111601 GranB.mrxs.label.jpeg,train
108018 CK5-6.mrxs.label_modified.png,train
17754ki67.mrxs.label_modified.png,train
14540 ck5.mrxs.label.jpeg,train
102053-s100.mrxs.label.jpeg,train
18298.10.1.mrxs.label_modified.png,train
113531_1_HE.mrxs.label_modified.png,train
115152-01 CD20.mrxs.label_modified.png,train
103202-02 HE.mrxs.label.jpeg,train
102157 CD15.mrxs.label.jpeg,train
114178_1_pd_l1.mrxs.label.jpeg,train
104414-04 HE.mrxs.label.jpeg,train
1097CD21.mrxs.label.jpeg,train
101765 p53.mrxs.label_modified.png,train
107782-05 MUM1.mrxs.label_modified.png,train
K00115940_001_25-2-2022_09-30-22.mrxs.label.jpeg_modified.png,train
113392-01 c-myc.mrxs.label_modified.png,train
311080 HE.mrxs.label_modified.png,train
2093.5.14HE.mrxs.label.jpeg,train
115417-01 CD3.mrxs.label_modified.png,train
108111-02 HE.mrxs.label_modified.png,train
113392-01 CD10.mrxs.label.jpeg,train
108015 HE 1.mrxs.label_modified.png,train
110838-02 HE.mrxs.label.jpeg,train
111332-04 HE.mrxs.label.jpeg,train
104414-02 HE.mrxs.label.jpeg,train
101765 p16.mrxs.label.jpeg,train
110838-03 HE.mrxs.label.jpeg,train
114758-08 HE.mrxs.label_modified.png,train
17754ki67.mrxs.label.jpeg,train
19614.5.mrxs.label_modified.png,train
1269.svs.label.jpeg,train
118344-01 CDX2.mrxs.label.jpeg,train
311080 MCK.mrxs.label.jpeg,train
1269.svs.label_modified.png,train
K00109281_06_p 16.mrxs.label_modified.png,train
102659-10 HE.mrxs.label.jpeg,train
114067-03 HE.mrxs.label - Copy.jpeg,train
10TMA P63.mrxs.label - Copy.jpeg,train
102046-msk.mrxs.label.jpeg,train
114870-01 CD34.mrxs.label.jpeg,train
115250-01 CD7.mrxs.label_modified.png,train
102731-02 CD15.mrxs.label.jpeg,train
308248_01 PR.mrxs.label.jpeg,train
10TMA KI67x40 Ventana.mrxs.label.jpeg,train
342005-02 HE.mrxs.label_modified.png,train
2678CD3.mrxs.label.jpeg,train
235HE.1.mrxs.label.jpeg,train
2093.15.14HE.mrxs.label_modified.png,train
327 PAS.mrxs.label_modified.png,train
104332 AR.mrxs.label_modified.png,train
110838-01 MUM1.mrxs.label.jpeg,train
113736_1_HE.mrxs.label.jpeg,train
115250-01 CD2.mrxs.label.jpeg,train
11557BCL6.mrxs.label.jpeg,train
117863-01 WT1.mrxs.label_modified.png,train
B00413265_001_HER-2.mrxs.label.jpeg_modified.png,train
311999_01 HE.mrxs.label.jpeg,train
114067-03 HE.mrxs.label.jpeg,train
B00384218_001HE_15-3-2022_12-47-10.mrxs.label_modified.png,train
O00419160_010_HE.mrxs.label.jpeg_modified.png,train
118914-01 bcl-2.mrxs.label_modified.png,train
O00418880_014_HE.mrxs.label_modified.png,train
111332-06 HE.mrxs.label_modified.png,train
100927 AR.mrxs.label_modified.png,train
O00371804_026_HE.mrxs.label_modified.png,train
118285-01 PD1.mrxs.label_modified.png,train
113265_1_HE.mrxs.label.jpeg,train
114036-01 ERCC-1.mrxs.label.jpeg,train
3375CD45.mrxs.label.jpeg,train
114180_1_he.mrxs.label.jpeg,train
18011.1.3.mrxs.label.jpeg,train
313070 ki67.mrxs.label_modified.png,train
311080 CD7.mrxs.label.jpeg,train
116334-01 CD20.mrxs.label_modified.png,train
101133 CD3.mrxs.label_modified.png,train
O00371805_17_HE.mrxs.label.jpeg_modified.png,train
110871 HE.mrxs.label.jpeg,train
B00380681_001_Mum 1.mrxs.label.jpeg,train
B00383517_001HE.mrxs.label_modified.png,train
113245-01 HER2.mrxs.label.jpeg,train
32.svs.label.jpeg,train
311931.6.mrxs.label_modified.png,train
102157 Fas.mrxs.label.jpeg,train
107198_02_s100.mrxs.label.jpeg,train
111332-06 HE.mrxs.label.jpeg,train
B00384057-01 HE.mrxs.label.jpeg.png,train
101963-ki67.mrxs.label.jpeg,train
117845-01 ER.mrxs.label_modified.png,train
104372 CDX2.mrxs.label.jpeg,train
102340-05 HE.mrxs.label.jpeg,train
115236-01 CD30.mrxs.label.jpeg,train
312457 top2.mrxs.label_modified.png,train
38894.svs.label.jpeg,train
1000012.svs.label_modified.png,train
29083.mrxs.label.jpeg,train
5125-2022-08-05 08.53.19.ndpi.label.jpeg.png,train
102034-03-1-HE.mrxs.label_modified.png,train
K00109281_06_p 16.mrxs.label.jpeg,train
105293-06 HE_2019-11-20T01_04_55.6901123Z.mrxs.label_modified.png,train
104471 ER.mrxs.label.jpeg,train
308314_02 ER.mrxs.label.jpeg,train
116334-01 HE.mrxs.label.jpeg,train
103093-HE.mrxs.label_modified.png,train
K00118695_002Ki-67.mrxs.label_modified.png,train
318466 HE.mrxs.label.jpeg,train
343514-01 Ki78.mrxs.label.jpeg,train
113530_1_HE.mrxs.label - Copy.jpeg,train
11307.mrxs.label.jpeg,train
22068KI67.mrxs.label_modified.png,train
111014 MCK.Vimentin.mrxs.label.jpeg,train
3188.14he.mrxs.label.jpeg,train
111332-08 HE.mrxs.label.jpeg,train
113718-05 HE.mrxs.label_modified.png,train
003262Ki67.mrxs.label.jpeg,train
113737_1_HE.mrxs.label_modified.png,train
105293 CEA.mrxs.label.jpeg,train
300578 HER2.mrxs.label.jpeg,train
28661PgR.mrxs.label.jpeg,train
3_3015-19-03 HE.mrxs.label_modified.png,train
110974-02 HE.mrxs.label.jpeg,train
103715-03-ki67.mrxs.label.jpeg,train
101963-desmin.mrxs.label.jpeg,train
1TMA KI67_CK.mrxs.label - Copy.jpeg,train
117892-01 EMA.mrxs.label.jpeg,train
18870.7.1.mrxs.label.jpeg,train
103683-03 Muc5.mrxs.label_modified.png,train
316567_04 HE.mrxs.label_modified.png,train
342005-01 HE.mrxs.label_modified.png,train
29753_14.2_SMAD4.mrxs.label_modified.png,train
1327.svs.label.jpeg,train
116741-002 HE.mrxs.label.jpeg,train
313070HER2.mrxs.label.jpeg,train
312002 PR.mrxs.label.jpeg,train
109966-01 Myf4.mrxs.label_modified.png,train
115417-01 CD23.mrxs.label_modified.png,train
1096.svs.label.jpeg,train
311999_03 HE.mrxs.label.jpeg,train
333275 CyclD1.mrxs.label.jpeg,train
339678 4.mrxs.label.jpeg,train
O00357524_19_HE.mrxs.label_modified.png,train
5125-2022-08-05 08.48.04.ndpi.label.jpeg_modified.png,train
B00389754_001Ki-67.mrxs.label.jpeg.png,train
312477_03 ER.mrxs.label.jpeg,train
316567_13 HE.mrxs.label.jpeg,train
B00381576_001_HE.mrxs.label_modified.png,train
3408KI67.mrxs.label.jpeg,train
11540KI67.mrxs.label_modified.png,train
K00107746_01_13-1-2022_15-19-07.mrxs.label.jpeg.png,train
108106 PAX-5.mrxs.label_modified.png,train
114122_1_he.mrxs.label_modified.png,train
102731 EMA.mrxs.label_modified.png,train
114182_1_he.mrxs.label.jpeg,train
12341_10_19.svs.label.jpeg,train
118344-01 CDX2.mrxs.label_modified.png,train
113771_1_HE.mrxs.label.jpeg,train
117416-01 CD7.mrxs.label.jpeg,train
103202-01 CK20.mrxs.label_modified.png,train
101765-01 PAX8.mrxs.label_modified.png,train
316633_01 HE.mrxs.label.jpeg,train
102731-02 CD20.mrxs.label.jpeg,train
311952_1 HE.mrxs.label_modified.png,train
1315.svs.label.jpeg,train
342576 CK8.mrxs.label_modified.png,train
113578_1_HE.mrxs.label.jpeg,train
313070ki67.mrxs.label.jpeg,train
38900.svs.label.jpeg,train
O00390343_010HE.mrxs.label.jpeg.png,train
342005-02 HE.mrxs.label.jpeg,train
101852-syn.mrxs.label.jpeg,train
113808 SYN.mrxs.label.jpeg,train
105293-06 HE.mrxs.label.jpeg,train
11557BCL2.mrxs.label.jpeg,train
O00371804_026_HE.mrxs.label.jpeg,train
114123_1_he.mrxs.label.jpeg,train
103715-03-cd20.mrxs.label_modified.png,train
B00408335_001_bcl-6.mrxs.label.jpeg,train
114779 S100.mrxs.label_modified.png,train
102659-08 HE.mrxs.label_modified.png,train
115250-01 CD3.mrxs.label.jpeg,train
117344-11 HE.mrxs.label_modified.png,train
104332 PR.mrxs.label.jpeg,train
308314_02 HE.mrxs.label.jpeg,train
1-1000 ZAP-70.mrxs.label.jpeg,train
O00357524_02_HE.mrxs.label.jpeg,train
103202-01 Muc2.mrxs.label.jpeg,train
118365-02 HE.mrxs.label.jpeg,train
114779 SMA.mrxs.label.jpeg,train
104028 CK7.mrxs.label.jpeg,train
110926-01 Myf4.mrxs.label_modified.png,train
113770_1_HE.mrxs.label.jpeg,train
103431_02cd30.mrxs.label.jpeg,train
316496-14 HE.mrxs.label.jpeg,train
12358.mrxs.label_modified.png,train
100911-20_19.mrxs.label_modified.png,train
113583_1_HE.mrxs.label_modified.png,train
117845-01 ING.mrxs.label_modified.png,train
101963-cd34.mrxs.label_modified.png,train
103431_02ema.mrxs.label.jpeg,train
111014 HE.mrxs.label_modified.png,train
300898 PR.mrxs.label.jpeg,train
102034-03-1-HE.mrxs.label.jpeg,train
109966-01 Myf4.mrxs.label.jpeg,train
103431_02ki67.mrxs.label_modified.png,train
118491-01 bcl-6.mrxs.label.jpeg,train
114067-05 HE.mrxs.label_modified.png,train
305344_1 HE.mrxs.label_modified.png,train
1313.svs.label.jpeg,train
102659-13 HE.mrxs.label_modified.png,train
13TMA P63.mrxs.label.jpeg,train
113531_1_HE.mrxs.label.jpeg,train
2_modified.png,train
110583 HE.mrxs.label_modified.png,train
B00408433_001_HE_11-2-2021_09-00-12.mrxs.label.jpeg,train
113392-01 bcl-2.mrxs.label_modified.png,train
332570ER.mrxs.label.jpeg,train
117416-01 CD5.mrxs.label.jpeg,train
102659-11 HE.mrxs.label.jpeg,train
O00371805_04_HE.mrxs.label.jpeg_modified.png,train
342957-12 HE.mrxs.label.jpeg,train
101963-myoD1.mrxs.label.jpeg,train
K00107866_01 HE.mrxs.label.jpeg,train
14456 ki67.mrxs.label.jpeg,train
18850.mrxs.label.jpeg,train
B00416643_001_GATA3.mrxs.label.jpeg.png,train
338141 Ki-67.mrxs.label.jpeg,train
318466 CD30.mrxs.label.jpeg,train
101440 CD3.mrxs.label_modified.png,train
114866-05 HE.mrxs.label.jpeg,train
102150-5-he.mrxs.label.jpeg,train
102340-01 HE.mrxs.label_modified.png,train
114067-02 HE.mrxs.label_modified.png,train
103202 CK7_2019-11-20T02_00_02.4274044Z.mrxs.label.jpeg,train
10TMA ER VEN.mrxs.label - Copy_modified.png,train
K00117789_001_18-1-2022_17-19-52.mrxs.label.jpeg_modified.png,train
1M09.mrxs.label.jpeg,train
312002.1.mrxs.label.jpeg,train
114779 S100.mrxs.label.jpeg,train
311080 CD79a.mrxs.label_modified.png,train
313070he.mrxs.label.jpeg,train
107198_02_pax8.mrxs.label_modified.png,train
117416-01 CD3.mrxs.label.jpeg,train
115236-01 Mum1.mrxs.label_modified.png,train
118866-01 OCT2.mrxs.label.jpeg,train
113581_1_HE.mrxs.label_modified.png,train
3425CD4.mrxs.label.jpeg,train
14CD79.mrxs.label.jpeg,train
101257 CD8.mrxs.label_modified.png,train
O00371805_14_HE.mrxs.label.jpeg,train
117845-01 ING.mrxs.label.jpeg,train
102731 CD45.mrxs.label_modified.png,train
305354.4.mrxs.label.jpeg,train
103202 CK20.mrxs.label.jpeg,train
115236-01 CD23.mrxs.label.jpeg,train
316546_05 HE.mrxs.label.jpeg,train
107782 bcl-6_2019-12-14T13_20_40.7509551Z.mrxs.label_modified.png,train
103849 Ki-67.mrxs.label.jpeg,train
115131-05 PD1.mrxs.label_modified.png,train
104372 PR.mrxs.label_modified.png,train
339678 Ki 67.mrxs.label.jpeg,train
102150-2-he.mrxs.label_modified.png,train
113771_1_HE.mrxs.label - Copy_modified.png,train
2252CD5.mrxs.label.jpeg,train
114180_1_he.mrxs.label_modified.png,train
341995ki67.mrxs.label.jpeg,train
10732-13.1_SMAD4_1.50.mrxs.label_modified.png,train
319799_01 ER.mrxs.label_modified.png,train
anti-ema.svs.label.jpeg,train
311861-01 HE.mrxs.label.jpeg,train
115236-01 HE.mrxs.label_modified.png,train
103755-03 HE.mrxs.label.jpeg,train
340422 Ki 67.mrxs.label.jpeg,train
2590CD20.mrxs.label.jpeg,train
1M02.mrxs.label.jpeg,train
110838-01 CD20.mrxs.label_modified.png,train
104414 CK7.mrxs.label.jpeg,train
316546_03 HE.mrxs.label_modified.png,train
O00417759_001_Ki-67.mrxs.label.jpeg_modified.png,train
340428he.mrxs.label.jpeg,train
anti-cd10.svs.label_modified.png,train
22068phh3.mrxs.label_modified.png,train
105293-06 HE.mrxs.label_modified.png,train
107782-01 bcl-2.mrxs.label.jpeg,train
104146_her2.mrxs.label.jpeg,train
1511CD5.mrxs.label.jpeg,train
30.svs.label_modified.png,train
O00369423_015_HE.mrxs.label.jpeg,train
319347 HER2.mrxs.label_modified.png,train
108106 CD30.mrxs.label.jpeg,train
102150-3-he.mrxs.label_modified.png,train
2TMA P53 VEN.mrxs.label - Copy_modified.png,train
13TMA PR.mrxs.label - Copy_modified.png,train
310179 Ki67.mrxs.label_modified.png,train
2093.15.14HE.mrxs.label.jpeg,train
10.1TMA phh3.mrxs.label.jpeg,train
1-250 DIL-DAK  PD-L1.mrxs.label_modified.png,train
12358.2.mrxs.label_modified.png,train
308314_02 HER2.mrxs.label.jpeg,train
102046-he3.mrxs.label_modified.png,train
12347.11_2.mrxs.label.jpeg,train
109966-01 MyoD1.mrxs.label.jpeg,train
22565.3.mrxs.label.jpeg,train
110838-01 CD20.mrxs.label.jpeg,train
O00419160_010_HE.mrxs.label.jpeg.png,train
340422 Ki 67.mrxs.label_modified.png,train
115417-01 CD10.mrxs.label.jpeg,train
10TMA SMA.mrxs.label.jpeg,train
28661 PR.mrxs.label.jpeg,train
103431_02He.mrxs.label.jpeg,train
5125-2022-08-05 08.48.04.ndpi.label.jpeg.png,train
O00371805_14_HE.mrxs.label.jpeg_modified.png,train
1097CD30 CD15.mrxs.label.jpeg,train
10TMA KI67x40 Ventana.mrxs.label_modified.png,train
103715-03-HE.mrxs.label_modified.png,train
111332-01 VIMEN.mrxs.label_modified.png,train
1000208.svs.label.jpeg,train
327 PAS.mrxs.label.jpeg,train
110838-03 HE.mrxs.label_modified.png,train
118167-07 HE.mrxs.label.jpeg,train
102659-15 HE.mrxs.label.jpeg,train
103849 CDX2.mrxs.label.jpeg,train
305345_01 HER2.mrxs.label.jpeg,train
115236-01 Mum1.mrxs.label.jpeg,train
119180-03 PSAP.mrxs.label_modified.png,train
114779 EMA.mrxs.label_modified.png,train
B00382432_011_HE.mrxs.label_modified.png,train
1133.svs.label.jpeg,train
114122_1_he.mrxs.label - Copy.jpeg,train
104216-01 HE.mrxs.label.jpeg,train
104332-01 HE.mrxs.label_modified.png,train
B00408433_001_HE_11-2-2021_09-00-12.mrxs.label_modified.png,train
319348_01 PR.mrxs.label.jpeg,train
O00418880_014_HE.mrxs.label.jpeg,train
1314.svs.label_modified.png,train
K00132802_20-003.svs.label.jpeg,train
300898 PR.mrxs.label_modified.png,train
1329.svs.label_modified.png,train
103755-04 HE.mrxs.label.jpeg,train
10 TMA BRISH HER2.mrxs.label - Copy.jpeg,train
113580_1_HE.mrxs.label_modified.png,train
113808 SYN.mrxs.label_modified.png,train
102659-06 HE.mrxs.label_modified.png,train
104332 AR.mrxs.label.jpeg,train
108015 HE 1.mrxs.label.jpeg,train
100064 KI67.mrxs.label_modified.png,train
104332 he.mrxs.label.jpeg,train
29753_14.2_SMAD4.mrxs.label.jpeg,train
O00357524_19_HE.mrxs.label.jpeg,train
339678 4.mrxs.label_modified.png,train
103202 P53.mrxs.label_modified.png,train
113808 Ki-67.mrxs.label.jpeg,train
103202-01 CDX2.mrxs.label.jpeg,train
117344-11 HE.mrxs.label.jpeg,train
B00381576_001_HE.mrxs.label.jpeg,train
104414 CK20.mrxs.label_modified.png,train
10253CD2.mrxs.label_modified.png,train
100927 AR.mrxs.label.jpeg,train
319348_01 HE.mrxs.label_modified.png,train
2315%3A-20(CD20).mrxs.label_modified.png,train
B00384218_001Myf4_15-3-2022_12-51-14.mrxs.label.jpeg,train
104028-01 HE.mrxs.label.jpeg,train
119180-03 TTF-1.mrxs.label.jpeg,train
2TMA KI67x40 Ventana.mrxs.label - Copy_modified.png,train
117845-01 HE.mrxs.label.jpeg,train
2TMA PR VEN.mrxs.label_modified.png,train
102157 Vim.mrxs.label_modified.png,train
O00371805_12_HE.mrxs.label_modified.png,train
14CD45RB.mrxs.label_modified.png,train
101963-S100.mrxs.label.jpeg,train
2316GORDON.mrxs.label_modified.png,train
342957-10 HE.mrxs.label.jpeg,train
38884.svs.label_modified.png,train
104332 pgr.mrxs.label.jpeg,train
114123_1_he.mrxs.label_modified.png,train
319799_01 PR.mrxs.label.jpeg,train
5125-2022-08-05 08.50.29.ndpi.label.jpeg_modified.png,train
115341-01 bcl-2.mrxs.label.jpeg,train
1053.svs.label.jpeg,train
2498CD34.1.mrxs.label.jpeg,train
107318-01 HE.mrxs.label_modified.png,train
342005-03 HE.mrxs.label.jpeg,train
B00381794_001_PR.mrxs.label_modified.png,train
108018 RBA 62.mrxs.label_modified.png,train
2315%3A-20(CD8).mrxs.label - Copy_modified.png,train
1TMA KI67_CK.mrxs.label - Copy_modified.png,train
5125-2022-08-05 08.45.24.ndpi.label.jpeg.png,train
2831.14HE.mrxs.label_modified.png,train
102050-he2.mrxs.label.jpeg,train
K00112488_003_CD 34.mrxs.label.jpeg_modified.png,train
5125-08-05 08.31.17.ndpi.label.jpeg.png,train
B00382432_011_HE.mrxs.label.jpeg,train
101852-syn.mrxs.label_modified.png,train
115215-01 HE.mrxs.label.jpeg,train
118430-01 Mum1.mrxs.label.jpeg,train
115417-01 Ki-67.mrxs.label_modified.png,train
103093-HE.mrxs.label.jpeg,train
115152-01 bcl-6.mrxs.label.jpeg,train
115417-01 bcl-6.mrxs.label.jpeg,train
113392-01 c-myc.mrxs.label.jpeg,train
1425L.mrxs.label_modified.png,train
11TMA E CADH.mrxs.label_modified.png,train
117845-01 ER.mrxs.label.jpeg,train
114178_1_pd_l1.mrxs.label_modified.png,train
103849 CK7.mrxs.label.jpeg,train
104028 CK20.mrxs.label_modified.png,train
316567_04 HE.mrxs.label.jpeg,train
2044BCL6.mrxs.label.jpeg,train
113069-01 Mum1.mrxs.label_modified.png,train
109966-01 Ki-67.mrxs.label.jpeg,train
1-1000 ZAP-70.mrxs.label_modified.png,train
114182_1_pd_l1.mrxs.label.jpeg,train
104332 pgr.mrxs.label_modified.png,train
113557_TTF1.mrxs.label_modified.png,train
B00381024_002_Ki-67.mrxs.label_modified.png,train
310896 ki67.mrxs.label.jpeg,train
114779 STAT6.mrxs.label_modified.png,train
342957-08 HE.mrxs.label.jpeg,train
K00107746_01_13-1-2022_15-23-27.mrxs.label.jpeg_modified.png,train
101440 CD3.mrxs.label.jpeg,train
342957-14 HE.mrxs.label.jpeg,train
111601 GranB.mrxs.label_modified.png,train
107198_02_ttf1.mrxs.label.jpeg,train
115152-01 CD3.mrxs.label.jpeg,train
1000216.svs.label.jpeg,train
2315%3A-20(ALK).mrxs.label.jpeg,train
102157 CD15.mrxs.label_modified.png,train
2044 KI67.mrxs.label.jpeg,train
116334-01 CyclD1.mrxs.label_modified.png,train
3425CD4.mrxs.label_modified.png,train
26125817.mrxs.label_modified.png,train
118491-01 CD3.mrxs.label.jpeg,train
1094.svs.label.jpeg,train
312477_03 ER.mrxs.label_modified.png,train
1072.svs.label.jpeg,train
108106 EMA.mrxs.label_modified.png,train
340428ck5_6.mrxs.label.jpeg,train
102731 EMA.mrxs.label.jpeg,train
102731 CD45.mrxs.label.jpeg,train
101963-SMA1.mrxs.label.jpeg,train
310737HE.1.mrxs.label_modified.png,train
110926-01 myo.mrxs.label_modified.png,train
2044 KI67.mrxs.label_modified.png,train
1051.svs.label - Copy.jpeg,train
1409CD23.mrxs.label.jpeg,train
1304.svs.label.jpeg,train
22068HE.mrxs.label.jpeg,train
2252TGLOB.mrxs.label_modified.png,train
O00417759_001_Ki-67.mrxs.label.jpeg.png,train
28661 PR.mrxs.label_modified.png,train
102050-cd3.mrxs.label_modified.png,train
108106-01 HE 1.mrxs.label.jpeg,train
102050-ki67.mrxs.label_modified.png,train
118365-06 ER.mrxs.label.jpeg,train
102034-02-HE.mrxs.label_modified.png,train
107782 bcl-6.mrxs.label_modified.png,train
103431_02ema.mrxs.label_modified.png,train
103755-03 HE.mrxs.label_modified.png,train
30221.10.1.mrxs.label.jpeg,train
100911-20_19.mrxs.label.jpeg,train
5125-2022-08-05 08.50.29.ndpi.label.jpeg.png,train
113771_1_HE.mrxs.label - Copy.jpeg,train
319799_02 HE TMA.mrxs.label.jpeg,train
22068KI67.mrxs.label.jpeg,train
K00115940_001_25-2-2022_09-30-22.mrxs.label.jpeg.png,train
107198_02_tgl.mrxs.label.jpeg,train
113808-01 HE.mrxs.label_modified.png,train
119180-03 PSA.mrxs.label.jpeg,train
104028 CK7.mrxs.label_modified.png,train
342576 IGH.mrxs.label_modified.png,train
1M08.mrxs.label_modified.png,train
115417-02 HE.mrxs.label_modified.png,train
101864-01 TGL.mrxs.label.jpeg,train
28.svs.label_modified.png,train
103715-03-cd3.mrxs.label_modified.png,train
110518 HE.mrxs.label_modified.png,train
118365-01 HE.mrxs.label_modified.png,train
114719-01 HE.mrxs.label.jpeg,train
1M03.mrxs.label - Copy.jpeg,train
318466-1 HE.mrxs.label.jpeg,train
13TMAphh3.mrxs.label.jpeg,train
3328HE.mrxs.label.jpeg,train
5125-2022-08-05 08.46.52.ndpi.label.jpeg_modified.png,train
103202 CDX2.mrxs.label.jpeg,train
1332.svs.label_modified.png,train
319278_04 HE.mrxs.label.jpeg,train
38892.svs.label.jpeg,train
103849 ER.mrxs.label_modified.png,train
111014 HE.mrxs.label.jpeg,train
104332 he.mrxs.label_modified.png,train
101864-01 TTF1.mrxs.label_modified.png,train
113718-07 HE.mrxs.label.jpeg,train
334285 ER.mrxs.label.jpeg,train
102046-he3.mrxs.label.jpeg,train
113392-01 CD20.mrxs.label.jpeg,train
1073.svs.label.jpeg,train
113557_p40.mrxs.label.jpeg,train
1M01.mrxs.label.jpeg,train
104372 CDX2.mrxs.label_modified.png,train
104028 p40.mrxs.label_modified.png,train
29753.14.2.1.mrxs.label.jpeg,train
308248_01 HER2.mrxs.label.jpeg,train
110926-01 MSA.mrxs.label.jpeg,train
38884.svs.label.jpeg,train
310646.1_HE.mrxs.label.jpeg,train
332557 HER2.mrxs.label_modified.png,train
312190 ki67.mrxs.label.jpeg,train
1M14.mrxs.label.jpeg,train
114719-01 ING.mrxs.label - Copy.jpeg,train
110871 HE.mrxs.label_modified.png,train
104471 ER.mrxs.label_modified.png,train
292HE.mrxs.label.jpeg,train
101864 PR.mrxs.label.jpeg,train
103849 CK20.mrxs.label_modified.png,train
1071.svs.label.jpeg,train
318466 PAX5.mrxs.label.jpeg,train
B00384202_004HE.mrxs.label_modified.png,train
103431_02He.mrxs.label_modified.png,train
O00371805_14_HE.mrxs.label.jpeg.png,train
101963-S100.mrxs.label_modified.png,train
117845-01 Foxl2.mrxs.label_modified.png,train
1 PD-L1.1.mrxs.label.jpeg,train
29683.7.mrxs.label.jpeg,train
114719-01 HE.mrxs.label_modified.png,train
241.12-3.mrxs.label.jpeg,train
103715-03-HE.mrxs.label.jpeg,train
115417-01 MUM1.mrxs.label.jpeg,train
11557CD20.mrxs.label.jpeg,train
107782 c-myc.mrxs.label_modified.png,train
1315.svs.label_modified.png,train
109966-01 MyoD1.mrxs.label_modified.png,train
115341-01 bcl-2.mrxs.label_modified.png,train
110072 HE.mrxs.label.jpeg,train
14CD79.mrxs.label_modified.png,train
115215-01 HE.mrxs.label_modified.png,train
14456 ki67.mrxs.label_modified.png,train
O00357627_003_HE.mrxs.label_modified.png,train
3425CD8.mrxs.label.jpeg,train
311080 CD7.mrxs.label_modified.png,train
K00107746_01_13-1-2022_15-17-51.mrxs.label.jpeg_modified.png,train
342957-10 HE.mrxs.label_modified.png,train
14TMA phh3.mrxs.label.jpeg,train
342957-08 HE.mrxs.label_modified.png,train
114067-06 HE.mrxs.label.jpeg,train
18298.10.1.mrxs.label.jpeg,train
O00418880_014_SATB2.mrxs.label.jpeg_modified.png,train
104414-04 HE.mrxs.label_modified.png,train
319278_04 HE.mrxs.label_modified.png,train
3414ALK.mrxs.label_modified.png,train
312490ki67.mrxs.label_modified.png,train
104414 PR.mrxs.label.jpeg,train
114779 Sox10.mrxs.label_modified.png,train
341351-03 ER.mrxs.label.jpeg,train
115215-01 PAX5.mrxs.label_modified.png,train
107198_02_pax8.mrxs.label.jpeg,train
111014 MCK.Vimentin.mrxs.label_modified.png,train
341328.mrxs.label.jpeg,train
114779 HE.mrxs.label_modified.png,train
K00109281_09_HE.mrxs.label.jpeg,train
B00384202_004HE.mrxs.label.jpeg,train
O00357599_14_HE.mrxs.label.jpeg,train
102046-he4.mrxs.label.jpeg,train
O00359618_014_HE.mrxs.label.jpeg.png,train
116334-01 Ki-67.mrxs.label_modified.png,train
116494-01 PD-L1.mrxs.label.jpeg,train
102050-bcl2.mrxs.label.jpeg,train
341995ki67.mrxs.label_modified.png,train
335118 HER2.mrxs.label.jpeg,train
115152-01 CD20.mrxs.label.jpeg,train
1097CD45 ALK.mrxs.label_modified.png,train
308314_02 ER.mrxs.label_modified.png,train
110020-04 HE.mrxs.label_modified.png,train
315307-03 HE.mrxs.label.jpeg,train
342957-09 HE.mrxs.label_modified.png,train
102724-02 HE.mrxs.label.jpeg,train
313094 ki67.mrxs.label_modified.png,train
100064 KI67.mrxs.label.jpeg,train
1002238.svs.label.jpeg,train
29386.10.1.2.mrxs.label.jpeg,train
114067-04 HE.mrxs.label_modified.png,train
101963-SMA1.mrxs.label_modified.png,train
2315%3A-20(EMA).mrxs.label.jpeg,train
103202-01 HE.mrxs.label_modified.png,train
310737HE.1.mrxs.label.jpeg,train
3425CD2.mrxs.label_modified.png,train
101765-02 HE.mrxs.label_modified.png,train
B00408335_001_c-myc.mrxs.label.jpeg,train
110926-01 Myf4.mrxs.label.jpeg,train
anti-ema.svs.label_modified.png,train
18850.mrxs.label_modified.png,train
113266_1_HE.mrxs.label_modified.png,train
253.2.mrxs.label.jpeg,train
14540 ck5.mrxs.label_modified.png,train
104372 ER.mrxs.label_modified.png,train
102731-02 OCT2.mrxs.label.jpeg,train
305345_01 ER.mrxs.label.jpeg,train
1090.svs.label.jpeg,train
102050-cd3.mrxs.label.jpeg,train
102050-he2.mrxs.label_modified.png,train
107782 bcl-6.mrxs.label.jpeg,train
182 CD30 CD15.mrxs.label.jpeg,train
117892-01 ALK1.mrxs.label_modified.png,train
115131-05 OCT2.mrxs.label.jpeg,train
114719-01 STAT6.mrxs.label - Copy.jpeg,train
114036-01 HE.mrxs.label_modified.png,train
104216-01 HE.mrxs.label_modified.png,train
B00381794_001_CK 5_6.mrxs.label_modified.png,train
23667-06-2.1.mrxs.label_modified.png,train
1311.svs.label_modified.png,train
113532_1_HE.mrxs.label.jpeg,train
13TMAphh3.mrxs.label - Copy.jpeg,train
103683-03 WT1.mrxs.label.jpeg,train
102659-12 HE.mrxs.label.jpeg,train
304311 HE.mrxs.label.jpeg,train
18011.1.1.mrxs.label.jpeg,train
109966-01 SMA.mrxs.label.jpeg,train
29083.mrxs.label_modified.png,train
116306-01 p53.mrxs.label_modified.png,train
11557CD3.mrxs.label.jpeg,train
110515 HE.mrxs.label_modified.png,train
319799_06 HE.mrxs.label_modified.png,train
108018_HE_1.mrxs.label_modified.png,train
38896.svs.label.jpeg,train
104372 Ki-67.mrxs.label.jpeg,train
102034-01-1-HE.mrxs.label_modified.png,train
104372 CK20.mrxs.label.jpeg,train
1002235.svs.label.jpeg,train
1325.svs.label.jpeg,train
113578_1_HE.mrxs.label_modified.png,train
319347 PR.mrxs.label_modified.png,train
311080 CD3.mrxs.label.jpeg,train
114779 STAT6.mrxs.label.jpeg,train
1511CD5.mrxs.label_modified.png,train
K00111208_01_12-1-2022_09-16-14.mrxs.label.jpeg_modified.png,train
104028 ER.mrxs.label.jpeg,train
304868 ER.mrxs.label.jpeg,train
104028 CK8.mrxs.label_modified.png,train
341995.mrxs.label_modified.png,train
114036-01 HE.mrxs.label.jpeg,train
102050-cd23.mrxs.label.jpeg,train
B00408335_001_CD10.mrxs.label.jpeg,train
101963-desmin.mrxs.label_modified.png,train
338330 he.mrxs.label.jpeg,train
103715-03-cd3.mrxs.label.jpeg,train
115250-01 CD7.mrxs.label.jpeg,train
114181_1_pd-l1.mrxs.label.jpeg,train
343331 PD-L1.mrxs.label_modified.png,train
1291.svs.label.jpeg,train
311080 CD79a.mrxs.label.jpeg,train
1305.svs.label.jpeg,train
1332.svs.label.jpeg,train
103431_02ki67.mrxs.label.jpeg,train
108018 CD68_S100.mrxs.label.jpeg,train
113557_TTF1.mrxs.label - Copy.jpeg,train
117416-01 bcl-6.mrxs.label.jpeg,train
107782 Ki-67.1.mrxs.label_modified.png,train
38892.svs.label_modified.png,train
110515 HE.mrxs.label.jpeg,train
113557_TTF1.mrxs.label.jpeg,train
104332 Ki67.mrxs.label.jpeg,train
B00381203_001_HE.mrxs.label.jpeg,train
114719-01 STAT6.mrxs.label_modified.png,train
107782 c-myc.1.mrxs.label.jpeg,train
1322.svs.label.jpeg,train
113770_1_HE.mrxs.label_modified.png,train
318466 EMA.mrxs.label.jpeg,train
2534EMA.mrxs.label.jpeg,train
253.2.mrxs.label_modified.png,train
119180-03 PSA.mrxs.label_modified.png,train
108018 thyrosinaza.mrxs.label_modified.png,train
O00417759_001_HER-2.mrxs.label.jpeg.png,train
114779 Desm.mrxs.label.jpeg,train
2316GORDON.mrxs.label.jpeg,train
K00113176_013_CDX-2.mrxs.label_modified.png,train
1 PD-L1.1.mrxs.label_modified.png,train
102050-cd23.mrxs.label_modified.png,train
O00373180_027_WT 1.mrxs.label.jpeg_modified.png,train
102659-13 HE.mrxs.label.jpeg,train
104372 CK8.mrxs.label.jpeg,train
116334-01 CD20.mrxs.label.jpeg,train
5125-2022-08-05 08.33.15.ndpi.label.jpeg_modified.png,train
309732egfr.mrxs.label.jpeg,train
241.12-3.mrxs.label - Copy.jpeg,train
318466-1 HE.mrxs.label_modified.png,train
113583_1_HE.mrxs.label.jpeg,train
OKbarcode_5125-2022-08-05 09.26.47_label_modified.png,train
K00124650_001_HER-2.mrxs.label.jpeg.png,train
14TMA phh3.mrxs.label - Copy.jpeg,train
334285 ER.mrxs.label_modified.png,train
115152-01 CD8.mrxs.label_modified.png,train
103683-03 Muc5.mrxs.label.jpeg,train
110040-3 HE.mrxs.label.jpeg,train
115417-02 HE.mrxs.label.jpeg,train
K00109281_11_HE.mrxs.label.jpeg,train
313094 ki67.mrxs.label.jpeg,train
310724_01 HE.mrxs.label.jpeg,train
102150-4-he.mrxs.label_modified.png,train
107782-07 HE.mrxs.label_modified.png,train
103431_02cd23.mrxs.label_modified.png,train
09 - 2022-08-05 08.54.33.ndpi.label.jpeg_modified.png,train
119180-03 SYN.mrxs.label.jpeg,train
114719-01 STAT6.mrxs.label - Copy_modified.png,train
17943.1.mrxs.label.jpeg,train
342576 CHR A.mrxs.label.jpeg,train
104146_HE.mrxs.label_modified.png,train
114779 GFAP.mrxs.label.jpeg,train
103431_02cd23.mrxs.label.jpeg,train
114758-09 HE.mrxs.label_modified.png,train
114181_1_pd-l1.mrxs.label_modified.png,train
115417-01 CD5.mrxs.label_modified.png,train
O00357524_16_HE.mrxs.label_modified.png,train
22565.3.mrxs.label_modified.png,train
4_modified.png,train
O00372850_29_HE.mrxs.label.jpeg_modified.png,train
114067-02 HE.mrxs.label - Copy_modified.png,train
3425CD7.mrxs.label_modified.png,train
3_3015-19-03 HE.mrxs.label.jpeg,train
1M07.mrxs.label - Copy_modified.png,train
102050-cd20.mrxs.label.jpeg,train
30.svs.label.jpeg,train
anti-desmin.svs.label_modified.png,train
O00371805_07_HE.mrxs.label.jpeg,train
B00381794_001_ER.mrxs.label.jpeg,train
2794CD23.mrxs.label.jpeg,train
1090.svs.label_modified.png,train
K00107420_01_CDX-2.mrxs.label.jpeg_modified.png,train
109966-01 HE.mrxs.label_modified.png,train
305345_01 PR.mrxs.label.jpeg,train
118285-01 Ki-67.mrxs.label.jpeg,train
111332-08 HE.mrxs.label_modified.png,train
108018_HE_2.mrxs.label_modified.png,train
104332 ER.mrxs.label_modified.png,train
102157 Fas.mrxs.label_modified.png,train
101963-cd34.mrxs.label.jpeg,train
1--1000 ZAP-70.mrxs.label - Copy.jpeg,train
104332-01 HE.mrxs.label.jpeg,train
104471 Ki-67.mrxs.label.jpeg,train
114067-03 HE.mrxs.label - Copy_modified.png,train
14TMAphh3.mrxs.label_modified.png,train
K00118623_012Muc-2.mrxs.label.jpeg,train
110040-2 HE.mrxs.label_modified.png,train
O00371805_03_HE.mrxs.label.jpeg,train
110926-01 myo.mrxs.label.jpeg,train
292HE.mrxs.label_modified.png,train
114179_1_he.mrxs.label_modified.png,train
03895570 HE.mrxs.label.jpeg,train
110029 HE.mrxs.label.jpeg,train
5125-2022-08-05 08.35.19.ndpi.label.jpeg.png,train
311080 CD8.mrxs.label_modified.png,train
333275 PAX5.mrxs.label.jpeg,train
1002239.svs.label.jpeg,train
115417-01 bcl-2.mrxs.label.jpeg,train
342576 IGH.mrxs.label.jpeg,train
103849 CEAm.mrxs.label.jpeg,train
334285 Ki-67.mrxs.label_modified.png,train
102659-06 HE.mrxs.label.jpeg,train
110974-01 HE.mrxs.label.jpeg,train
113245-01 HER2.mrxs.label_modified.png,train
117416-01 bcl-6.mrxs.label_modified.png,train
312190ki67.1.mrxs.label.jpeg,train
102659-15 HE.mrxs.label_modified.png,train
104372 PR.mrxs.label.jpeg,train
333275-01 HE.mrxs.label.jpeg,train
315307 HER2.mrxs.label_modified.png,train
102046-he2.mrxs.label.jpeg,train
115417-01 MUM1.mrxs.label_modified.png,train
K00126638_001_SMM.mrxs.label.jpeg,train
1002239.svs.label_modified.png,train
10732-13.1_SMAD4_1.50.mrxs.label.jpeg,train
03895570 HE.mrxs.label_modified.png,train
114139_1_he.mrxs.label.jpeg,train
102731-01 HE.mrxs.label_modified.png,train
102340-06 HE.mrxs.label.jpeg,train
305354.10.mrxs.label_modified.png,train
10732CDX2.mrxs.label_modified.png,train
117845-01 HE.mrxs.label_modified.png,train
110838-05 HE.mrxs.label.jpeg,train
1092.svs.label.jpeg,train
103202-01 HE.mrxs.label.jpeg,train
107782-05 HE.mrxs.label_modified.png,train
29.svs.label.jpeg,train
114779 GFAP.mrxs.label_modified.png,train
312069ki67.mrxs.label.jpeg,train
102659-09 HE.mrxs.label.jpeg,train
OKbarcode_5125-2022-08-05 10.14.32_label.png,train
309732.mrxs.label.jpeg,train
114758-03 HE.mrxs.label.jpeg,train
311080 CD5.mrxs.label.jpeg,train
003262HER2.mrxs.label_modified.png,train
115417-01 CD20.mrxs.label.jpeg,train
K00132802_20-003.svs.label_modified.png,train
1M02.mrxs.label_modified.png,train
309732he.mrxs.label.jpeg,train
1304.svs.label_modified.png,train
308333_1 HE.mrxs.label.jpeg,train
K00126638_001_SMM.mrxs.label_modified.png,train
1310.svs.label.jpeg,train
113581_1_HE.mrxs.label.jpeg,train
100063 3.mrxs.label.jpeg,train
2315%3A-20(ALK).mrxs.label_modified.png,train
107782-08 HE.mrxs.label_modified.png,train
111332-05 HE.mrxs.label_modified.png,train
118365-04 HE.mrxs.label_modified.png,train
312490ki67.mrxs.label - Copy_modified.png,train
104028 vimentin.mrxs.label.jpeg,train
117892-01 ALK1.mrxs.label.jpeg,train
K00114282_002_p 16.mrxs.label_modified.png,train
115417-01 CyclD1.mrxs.label.jpeg,train
101765-01 HE.mrxs.label_modified.png,train
102046-he2.mrxs.label_modified.png,train
240531 ki67.mrxs.label.jpeg,train
118167-07 HE.mrxs.label_modified.png,train
101864-01 WT1.mrxs.label_modified.png,train
116334-01 HE.mrxs.label_modified.png,train
333275 HE.mrxs.label.jpeg,train
110583 HE.mrxs.label.jpeg,train
1171_3_19_HE.1.mrxs.label.jpeg,train
118167-02 HE.mrxs.label.jpeg,train
10TMA PR VEN.mrxs.label - Copy.jpeg,train
10TMA P63.mrxs.label - Copy_modified.png,train
O00371804_029_HE.mrxs.label.jpeg,train
29386.10.1.mrxs.label.jpeg,train
110926-01 SMA.mrxs.label.jpeg,train
1321.svs.label_modified.png,train
108106 HE.1.mrxs.label_modified.png,train
1-250 DIL-DAK  PD-L1.mrxs.label.jpeg,train
107198_02_sma.mrxs.label.jpeg,train
311889_3 HE.mrxs.label.jpeg,train
102340-05 HE.mrxs.label_modified.png,train
37.svs.label.jpeg,train
102659-08 HE.mrxs.label.jpeg,train
103715-03-HE_14.06.2017_16.30.48.mrxs.label_modified.png,train
115417-01 CD23.mrxs.label.jpeg,train
101864-01 WT1.mrxs.label.jpeg,train
118285-01 ICOS.mrxs.label_modified.png,train
308262-03 HE.mrxs.label.jpeg,train
K00109281_07_HE.mrxs.label_modified.png,train
104372-01 HE.mrxs.label.jpeg,train
11557BCL6.mrxs.label_modified.png,train
108106 PAX-5.mrxs.label.jpeg,train
113069-01 Mum1.mrxs.label.jpeg,train
K00111208_01_12-1-2022_09-16-14.mrxs.label.jpeg.png,train
110926-01 MSA.mrxs.label_modified.png,train
339790-10 HE.mrxs.label.jpeg,train
22068phh3.mrxs.label.jpeg,train
1328.svs.label.jpeg,train
118236-01 CD30.mrxs.label_modified.png,train
241.12-3.mrxs.label - Copy_modified.png,train
2161-18 HE.mrxs.label.jpeg,train
102659-09 HE.mrxs.label_modified.png,train
102150-3-he.mrxs.label.jpeg,train
103431_02alk1.mrxs.label.jpeg,train
103715-03-bcl6.mrxs.label.jpeg,train
102150-5-he.mrxs.label_modified.png,train
110871-01 HE.mrxs.label_modified.png,train
3375CD45.mrxs.label_modified.png,train
K00118861_001_19-1-2022_16-02-27.mrxs.label.jpeg_modified.png,train
OKbarcode_5125-2022-08-05 10.14.32_label_modified.png,train
3328HE.mrxs.label_modified.png,train
109966-01 MSA.mrxs.label.jpeg,train
107198_02_tgl.mrxs.label_modified.png,train
1322.svs.label_modified.png,train
1496BCL6.mrxs.label.jpeg,train
O00371805_12_HE.mrxs.label.jpeg,train
102731-02 CD30.mrxs.label.jpeg,train
24367.3.mrxs.label.jpeg,train
101133 CD3.mrxs.label.jpeg,train
27677.4HE.mrxs.label_modified.png,train
304868 ER.mrxs.label_modified.png,train
101322-01 HE.mrxs.label_modified.png,train
110871-01 HE.mrxs.label.jpeg,train
103715-03-bcl6.mrxs.label_modified.png,train
310737ki67v.mrxs.label_modified.png,train
13982-5-8-1.mrxs.label.jpeg,train
343270-01 HER2.mrxs.label.jpeg,train
308314_02 PR.mrxs.label.jpeg,train
3425CD7.mrxs.label.jpeg,train
118866-05 HE.mrxs.label_modified.png,train
319347 PR.mrxs.label.jpeg,train
09 - 2022-08-05 08.54.33.ndpi.label.jpeg.png,train
316633_01 E-CADHERIN.mrxs.label_modified.png,train
114779 Ki67.mrxs.label_modified.png,train
1002236.svs.label_modified.png,train
12347.11_2.mrxs.label_modified.png,train
308262-03 ER-PR.mrxs.label_modified.png,train
18352.2.mrxs.label_modified.png,train
108018 S100.mrxs.label.jpeg,train
5125-2022-08-05 08.40.43.ndpi.label.jpeg_modified.png,train
103202 CK7_2019-11-20T02_00_02.4274044Z.mrxs.label_modified.png,train
113557_p40.mrxs.label - Copy.jpeg,train
308248_01 PR.mrxs.label_modified.png,train
107198_02_tle1.mrxs.label_modified.png,train
339790-10 HE.mrxs.label_modified.png,train
108018 vimentin.mrxs.label_modified.png,train
101852-mum1.mrxs.label_modified.png,train
300578 HER2.mrxs.label_modified.png,train
115236-01 CD20.mrxs.label.jpeg,train
114870-01 caldesm.mrxs.label.jpeg,train
103849 CDX2.mrxs.label_modified.png,train
114779 SMA.mrxs.label_modified.png,train
311933_03 HE.mrxs.label_modified.png,train
13TMA PR.mrxs.label - Copy.jpeg,train
102046-ki67.mrxs.label.jpeg,train
312441he.mrxs.label.jpeg,train
O00371805_07_HE.mrxs.label_modified.png,train
O00359618_014_HE.mrxs.label.jpeg_modified.png,train
114067-06 HE.mrxs.label_modified.png,train
315307 ER.mrxs.label.jpeg,train
11TMA E CADH.mrxs.label.jpeg,train
103202 CK7.mrxs.label.jpeg,train
108018 vimentin_1.mrxs.label_modified.png,train
14TMA BRISH HER2.mrxs.label - Copy_modified.png,train
mart-melan.svs.label.jpeg,train
1115925_1_he.mrxs.label.jpeg,train
10TMA P63.mrxs.label.jpeg,train
10TMAP53 VEN.mrxs.label - Copy.jpeg,train
1314.svs.label.jpeg,train
114719-01 HE.mrxs.label - Copy_modified.png,train
102731 CD3.mrxs.label.jpeg,train
110838-06 HE.mrxs.label.jpeg,train
1TMA RP.mrxs.label - Copy.jpeg,train
110029 HE.mrxs.label_modified.png,train
11557CD3.mrxs.label_modified.png,train
104372 CK7.mrxs.label.jpeg,train
107782 c-myc.mrxs.label.jpeg,train
12358.2.mrxs.label.jpeg,train
117416-01 CD2.mrxs.label_modified.png,train
312353 ki67.mrxs.label.jpeg,train
5.jpeg,train
104146_er.mrxs.label_modified.png,train
2044CD3.mrxs.label_modified.png,train
105845 CD4.mrxs.label_modified.png,train
21333262.mrxs.label.jpeg,train
10.1TMA phh3.mrxs.label_modified.png,train
113578_1_HE.mrxs.label - Copy.jpeg,train
1310.svs.label_modified.png,train
K00114282_002_vimentin.mrxs.label.jpeg,train
114719-01 ING.mrxs.label.jpeg,train
103715-03-HE_14.06.2017_16.30.48.mrxs.label.jpeg,train
102157 ki67.mrxs.label.jpeg,train
111332-07 HE.mrxs.label.jpeg,train
334301her2.mrxs.label.jpeg,train
11557CD15.mrxs.label.jpeg,train
K00119903_001_15-2-2022_16-38-06.mrxs.label.jpeg.png,train
2044CD5.mrxs.label_modified.png,train
101864 ER.mrxs.label.jpeg,train
13982-5-8-3.mrxs.label_modified.png,train
1M09.mrxs.label_modified.png,train
108106 EMA.mrxs.label.jpeg,train
B00408455_004_HE.mrxs.label_modified.png,train
1073.svs.label_modified.png,train
104028 CK20.mrxs.label.jpeg,train
1051.svs.label - Copy_modified.png,train
111014 EMA. Ki-67.mrxs.label.jpeg,train
101963-ema.mrxs.label.jpeg,train
2332CD3.mrxs.label.jpeg,train
12341_12_19.svs.label.jpeg,train
110838-04 HE.mrxs.label_modified.png,train
115417-01 HE.mrxs.label_modified.png,train
117845-01 CromA.mrxs.label.jpeg,train
310896KI67.mrxs.label.jpeg,train
118491-01 CD3.mrxs.label_modified.png,train
339681.1.mrxs.label.jpeg,train
2315%3A-20(CD4).mrxs.label_modified.png,train
319347 HE.mrxs.label.jpeg,train
104414 CK20.mrxs.label.jpeg,train
2044CD7.mrxs.label.jpeg,train
FAILbarcode_5125-2022-08-05 08.35.19_label.png,train
13520.3.mrxs.label_modified.png,train
2805.5.13HE.mrxs.label.jpeg,train
B00381576_004_HE.mrxs.label_modified.png,train
313070er_pgr.mrxs.label.jpeg,train
102157 ki67.mrxs.label_modified.png,train
O00371804_027_HE.mrxs.label_modified.png,train
312002.1.mrxs.label_modified.png,train
111637-06 HE.mrxs.label.jpeg,train
1091.svs.label_modified.png,train
17943.1.mrxs.label_modified.png,train
3414CD15.mrxs.label_modified.png,train
335118 HER2.mrxs.label_modified.png,train
3198CD79.mrxs.label.jpeg,train
118285-02 HE.mrxs.label.jpeg,train
319799_01 HE.mrxs.label.jpeg,train
B00381576_004_HE.mrxs.label.jpeg,train
14TMA phh3.mrxs.label - Copy_modified.png,train
113771_1_HE.mrxs.label_modified.png,train
11540KI67.mrxs.label.jpeg,train
5125-2022-08-05 08.56.22.ndpi.label.jpeg.png,train
2044CD5.mrxs.label.jpeg,train
104414 PR.mrxs.label_modified.png,train
1320.svs.label_modified.png,train
311952_1 HE.mrxs.label.jpeg,train
113557_TTF1.mrxs.label - Copy_modified.png,train
110040-1 HE.mrxs.label_modified.png,train
116486-01 HE.mrxs.label.jpeg,train
310737ER_PGR.mrxs.label_modified.png,train
107782-06 HE.mrxs.label.jpeg,train
1303.svs.label_modified.png,train
316546_03 HE.mrxs.label.jpeg,train
113530_1_HE.mrxs.label - Copy_modified.png,train
29036-1 HER2.mrxs.label.jpeg,train
14TMA ER.mrxs.label - Copy_modified.png,train
103849-01 HE.mrxs.label.jpeg,train
13982-5-8-4.mrxs.label.jpeg,train
334285 PR.mrxs.label_modified.png,train
2245CD45RO.mrxs.label.jpeg,train
103715-03-cyclinD1.mrxs.label.jpeg,train
3414CD15.mrxs.label.jpeg,train
114067-01 HE.mrxs.label.jpeg,train
104414-02 HE.mrxs.label_modified.png,train
342005-01 HE.mrxs.label.jpeg,train
18352.2.mrxs.label.jpeg,train
28661K HER2.mrxs.label.jpeg,train
309732he.mrxs.label_modified.png,train
O00390343_010HE.mrxs.label.jpeg_modified.png,train
114180_1_pd_l1.mrxs.label.jpeg,train
1M08.mrxs.label.jpeg,train
311933_03 HE.mrxs.label.jpeg,train
102659-10 HE.mrxs.label_modified.png,train
110926-01 HE.mrxs.label.jpeg,train
003262 HER2.mrxs.label.jpeg,train
32.svs.label_modified.png,train
316546_10 HE.mrxs.label_modified.png,train
102340-07 HE.mrxs.label.jpeg,train
116486-01 HE.mrxs.label_modified.png,train
114779 TLE1.mrxs.label.jpeg,train
FAILbarcode_5125-08-05 08.27.51_label.png,train
3188.14p63.mrxs.label.jpeg,train
5125-08-05 08.27.51.ndpi.label.jpeg_modified.png,train
118914-01 CD5.mrxs.label_modified.png,train
28.svs.label.jpeg,train
1097CD21.mrxs.label_modified.png,train
105293-01 HE.mrxs.label_modified.png,train
103849 CEAm.mrxs.label_modified.png,train
102046-msk.mrxs.label_modified.png,train
K00109281_11_HE.mrxs.label_modified.png,train
113529_1_HE.mrxs.label.jpeg,train
118866-04 HE.mrxs.label_modified.png,train
103715-03-bcl2.mrxs.label.jpeg,train
O00357818_03_HER-2.mrxs.label.jpeg.png,train
3414CD45RB.mrxs.label_modified.png,train
10TMA ER VEN.mrxs.label - Copy.jpeg,train
14TdT.mrxs.label.jpeg,train
113069-01 CD3.mrxs.label.jpeg,train
2TMA PR VEN.mrxs.label.jpeg,train
113069-01 CD3.mrxs.label_modified.png,train
110838-01 MUM1.mrxs.label_modified.png,train
104414-03 HE.mrxs.label.jpeg,train
102724-02 HE.mrxs.label_modified.png,train
104146_pgr.mrxs.label.jpeg,train
1000012.svs.label.jpeg,train
118866-01 PAX5.mrxs.label.jpeg,train
K00107746_01_13-1-2022_15-24-37.mrxs.label.jpeg.png,train
K00118623_012PAX8.mrxs.label.jpeg,train
113392-01 CD3.mrxs.label.jpeg,train
107198_02_ki67.mrxs.label.jpeg,train
102731 CD3.mrxs.label_modified.png,train
118914-01 CD5.mrxs.label.jpeg,train
339678 Ki 67.mrxs.label_modified.png,train
114779 Desm.mrxs.label_modified.png,train
17754he.mrxs.label.jpeg,train
107782-05 MUM1.mrxs.label.jpeg,train
341926-ki67.mrxs.label_modified.png,train
117416-01 CD2.mrxs.label.jpeg,train
117416-01 CD3.mrxs.label_modified.png,train
114758-10 HE.mrxs.label_modified.png,train
114779 MCK.mrxs.label.jpeg,train
114758-08 HE.mrxs.label.jpeg,train
22831.mrxs.label.jpeg,train
3425CD5.mrxs.label_modified.png,train
11557CD10.mrxs.label.jpeg,train
311080 LCA.mrxs.label.jpeg,train
118491-01 bcl-6.mrxs.label_modified.png,train
114122_1_he.mrxs.label.jpeg,train
104471 MAMMAGL.mrxs.label.jpeg,train
1091.svs.label.jpeg,train
118430-01 PAX8.mrxs.label_modified.png,train
332557 HER2.mrxs.label.jpeg,train
114870-01 caldesm.mrxs.label_modified.png,train
B00381048_004_HE.mrxs.label.jpeg,train
102157 CD3.mrxs.label.jpeg,train
340435he.mrxs.label.jpeg,train
319348_01 HE.mrxs.label.jpeg,train
109996 HE.mrxs.label.jpeg,train
2678CD3.mrxs.label_modified.png,train
K00114282_005_HE.mrxs.label_modified.png,train
3414CD30.mrxs.label.jpeg,train
3425CD2.mrxs.label.jpeg,train
115215-02 HE.mrxs.label_modified.png,train
332570HER2.mrxs.label.jpeg,train
1306.svs.label_modified.png,train
103715-03-cd10.mrxs.label_modified.png,train
13TMAphh3.mrxs.label - Copy_modified.png,train
333275 PAX5.mrxs.label_modified.png,train
003262ER.mrxs.label_modified.png,train
319799_01 HER2.mrxs.label.jpeg,train
315307 HER2.mrxs.label.jpeg,train
343331 PD-L1.mrxs.label.jpeg,train
107198_02_vim.mrxs.label.jpeg,train
108018 S100.mrxs.label_modified.png,train
312441 ki67.mrxs.label.jpeg,train
111332-01 VIMEN.mrxs.label.jpeg,train
118237-01 bcl-6.mrxs.label.jpeg,train
115236-01 c-myc.mrxs.label_modified.png,train
115417-01 CD20.mrxs.label_modified.png,train
114870-01 CD34.mrxs.label_modified.png,train
113392-01 CD20.mrxs.label_modified.png,train
334301her2.mrxs.label_modified.png,train
37.svs.label_modified.png,train
110974-01 HE.mrxs.label_modified.png,train
117863-01 WT1.mrxs.label.jpeg,train
K00119903_001_15-2-2022_16-46-36.mrxs.label.jpeg.png,train
5125-2022-08-05 08.49.10.ndpi.label.jpeg.png,train
104146_her2.mrxs.label_modified.png,train
111332-05 HE.mrxs.label.jpeg,train
1325.svs.label_modified.png,train
113737_1_HE.mrxs.label.jpeg,train
3408KI67.mrxs.label_modified.png,train
338141 Ki-67.mrxs.label_modified.png,train
13982-5-8-3.mrxs.label.jpeg,train
101852-he.mrxs.label.jpeg,train
O00420080_015_Ki-67.mrxs.label.jpeg_modified.png,train
B00380681_001_Mum 1.mrxs.label_modified.png,train
104414 CK7.mrxs.label_modified.png,train
104471 HER2.mrxs.label.jpeg,train
117416-01 CD4.mrxs.label.jpeg,train
112901-10_19.mrxs.label.jpeg,train
108111-02 HE.mrxs.label.jpeg,train
107782 bcl-6_2019-12-14T13_20_40.7509551Z.mrxs.label.jpeg,train
2044CD56.mrxs.label.jpeg,train
22821.2.mrxs.label_modified.png,train
115250-01 CD3.mrxs.label_modified.png,train
1313.svs.label_modified.png,train
115131-05 PD1.mrxs.label.jpeg,train
5125-2022-08-05 08.52.07.ndpi.label.jpeg.png,train
19614.5.mrxs.label.jpeg,train
27527_1.mrxs.label.jpeg,train
103202 CDX2.mrxs.label_modified.png,train
114779 Sox10.mrxs.label.jpeg,train
312490 ki67.mrxs.label_modified.png,train
17741KI67.mrxs.label.jpeg,train
104028 vimentin.mrxs.label_modified.png,train
1379K.mrxs.label_modified.png,train
O00357524_14_HE.mrxs.label_modified.png,train
K00107746_01_13-1-2022_15-24-37.mrxs.label.jpeg_modified.png,train
1330.svs.label_modified.png,train
1379K.mrxs.label.jpeg,train
003262ER.mrxs.label.jpeg,train
102731 Ki-67.mrxs.label_modified.png,train
10732CDX2.mrxs.label.jpeg,train
105845 CD4.mrxs.label.jpeg,train
108018 RBA 62.mrxs.label.jpeg,train
18011.1.2.mrxs.label_modified.png,train
1097CD23.mrxs.label.jpeg,train
O00420080_015_Ki-67.mrxs.label.jpeg.png,train
108106-01 HE 1.mrxs.label_modified.png,train
309732lca.mrxs.label_modified.png,train
341351_05 HE TMA.mrxs.label.jpeg,train
5125-2022-08-05 08.40.43.ndpi.label.jpeg.png,train
5125-2022-08-05 08.44.05.ndpi.label.jpeg.png,train
anti pan-ke.svs.label.jpeg,train
311080 CD2.mrxs.label_modified.png,train
4.jpeg,train
305345_03 HE.mrxs.label.jpeg,train
111332-02 HE.mrxs.label_modified.png,train
102157 CD20.mrxs.label_modified.png,train
105293 Vimentin.mrxs.label.jpeg,train
26125817.mrxs.label.jpeg,train
107198_02_he.mrxs.label_modified.png,train
10.mrxs.label.jpeg,train
anti pan-ke.svs.label_modified.png,train
K00114750_012HE.mrxs.label.jpeg_modified.png,train
102034-01-HE.mrxs.label_modified.png,train
102053-he18.mrxs.label_modified.png,train
319799_02 HE TMA.mrxs.label_modified.png,train
38900.svs.label_modified.png,train
343311 ki67.mrxs.label.jpeg,train
342576 Ki67.mrxs.label.jpeg,train
27238.1.mrxs.label_modified.png,train
316546_10 HE.mrxs.label.jpeg,train
FAILbarcode_5125-08-05 08.31.17_label_modified.png,train
102034-01-1-HE.mrxs.label.jpeg,train
311861-03 HE.mrxs.label.jpeg,train
114779 MCK.mrxs.label_modified.png,train
1--1000 ZAP-70.mrxs.label - Copy_modified.png,train
102731-02 CD57.mrxs.label_modified.png,train
K00114834_001HE.mrxs.label.jpeg_modified.png,train
102340-01 HE.mrxs.label.jpeg,train
110926-01 Ki-67.mrxs.label_modified.png,train
K00114834_001HE.mrxs.label.jpeg.png,train
114181_1_he.mrxs.label.jpeg,train
33006 345204 p16.mrxs.label.jpeg,train
K00107866_01.mrxs.label_modified.png,train
O00371805_17_HE.mrxs.label.jpeg.png,train
103431_02cd20.mrxs.label.jpeg,train
14TMA KI67x40 Ventana.mrxs.label - Copy_modified.png,train
K00114282_005_HE.mrxs.label.jpeg,train
K00105620_01.mrxs.label.jpeg_modified.png,train
117845-01 Foxl2.mrxs.label.jpeg,train
117416-01 CD4.mrxs.label_modified.png,train
119180-03 PSAP.mrxs.label.jpeg,train
29036-1 HER2.mrxs.label_modified.png,train
10TMAP53 VEN.mrxs.label - Copy_modified.png,train
1075.svs.label_modified.png,train
1313.svs.label - Copy_modified.png,train
103431_02alk1.mrxs.label_modified.png,train
113530_1_HE.mrxs.label.jpeg,train
115215-03 HE.mrxs.label.jpeg,train
102046-s100.mrxs.label.jpeg,train
1000201.svs.label_modified.png,train
341328.mrxs.label_modified.png,train
308314_02 PR.mrxs.label_modified.png,train
336957 ER.mrxs.label_modified.png,train
K00126630_001_HE_17-2-2021_15-02-05.mrxs.label.jpeg,train
anti-ki67.svs.label_modified.png,train
305354.4.mrxs.label_modified.png,train
102053-ema.mrxs.label_modified.png,train
107198_02_sma.mrxs.label_modified.png,train
K00118861_001_19-1-2022_16-02-27.mrxs.label.jpeg.png,train
104372 CK7.mrxs.label_modified.png,train
100063 4.mrxs.label_modified.png,train
311080 CD2.mrxs.label.jpeg,train
111637-06 HE.mrxs.label_modified.png,train
11557CD4.mrxs.label.jpeg,train
3425CD3.mrxs.label.jpeg,train
333275 Ki-67.mrxs.label_modified.png,train
334285 ER_05.11.2019_16.58.54.mrxs.label.jpeg,train
O00357818_03_HER-2.mrxs.label.jpeg_modified.png,train
101257 AR.mrxs.label_modified.png,train
1324.svs.label_modified.png,train
18011.1.3.mrxs.label_modified.png,train
B00389754_001Ki-67.mrxs.label.jpeg_modified.png,train
115236-01 c-myc.mrxs.label.jpeg,train
10TMA PR VEN.mrxs.label - Copy_modified.png,train
340365-2 HE.mrxs.label.jpeg,train
101765 ER.mrxs.label.jpeg,train
101864-01 TGL.mrxs.label_modified.png,train
104414 CDX2.mrxs.label.jpeg,train
102053-ema.mrxs.label.jpeg,train
K00118743_001PDL1 22C3_19-1-2022_11-00-44.mrxs.label.jpeg,train
310640_06 HE.mrxs.label.jpeg,train
K00113176_013_CDX-2.mrxs.label.jpeg,train
003262 HER2.mrxs.label_modified.png,train
104372 HER2.mrxs.label.jpeg,train
18011.1.2.mrxs.label.jpeg,train
114719-01 STAT6.mrxs.label.jpeg,train
115152-01 CD8.mrxs.label.jpeg,train
1303.svs.label.jpeg,train
1308.svs.label.jpeg,train
104028 CK8.mrxs.label.jpeg,train
118866-05 HE.mrxs.label.jpeg,train
1072.svs.label_modified.png,train
2468.14HE.mrxs.label.jpeg,train
B00381841_001_HE.mrxs.label.jpeg,train
107782-07 HE.mrxs.label.jpeg,train
102157 CD20.mrxs.label.jpeg,train
319799_06 HE.mrxs.label.jpeg,train
338332.mrxs.label_modified.png,train
108018 vimentin.mrxs.label.jpeg,train
104414 ER.mrxs.label_modified.png,train
2TMA KI67x40 Ventana.mrxs.label - Copy.jpeg,train
110838-01 CD10.mrxs.label.jpeg,train
11557CD4.mrxs.label_modified.png,train
107782 Ki-67.mrxs.label.jpeg,train
K00118695_002Ki-67.mrxs.label.jpeg,train
102731-02 CD15.mrxs.label_modified.png,train
FAILbarcode_5125-2022-08-05 08.33.15_label.png,train
2044CD7.mrxs.label_modified.png,train
O00418291_001_GATA3.mrxs.label.jpeg.png,train
2TMA HER2 VEN.mrxs.label_modified.png,train
342576 Ki67.mrxs.label_modified.png,train
1074.svs.label.jpeg,train
B00381794_001_PR.mrxs.label.jpeg,train
11557CD20.mrxs.label_modified.png,train
103431_02cd3.mrxs.label.jpeg,train
O00418880_014_SATB2.mrxs.label.jpeg.png,train
118237-01 bcl-6.mrxs.label_modified.png,train
315307_02 HE.mrxs.label.jpeg,train
110838-06 HE.mrxs.label_modified.png,train
O00357524_14_HE.mrxs.label.jpeg,train
29386.10.1.2.mrxs.label_modified.png,train
2315%3A-20(CD4).mrxs.label.jpeg,train
115236-01 Ki-67.mrxs.label_modified.png,train
K00126679 S100.2.mrxs.label.jpeg_modified.png,train
FAILbarcode_402712 - 2022-08-05 09.32.17_label_modified.png,train
335133 Ki67.mrxs.label_modified.png,train
115236-01 Ki-67.mrxs.label.jpeg,train
K00107746_01_13-1-2022_15-19-07.mrxs.label.jpeg_modified.png,train
343270-01 Ki67.mrxs.label.jpeg,train
115236-01 CD10.mrxs.label.jpeg,train
113736_1_HE.mrxs.label_modified.png,train
1071.svs.label_modified.png,train
14CD45RB.mrxs.label.jpeg,train
1000209.svs.label.jpeg,train
343270-01 HER2.mrxs.label_modified.png,train
104332 HER2.mrxs.label_modified.png,train
114178_1_he.mrxs.label.jpeg,train
104028 TTF1.mrxs.label_modified.png,train
113718-05 HE.mrxs.label.jpeg,train
5125-2022-08-05 08.33.15.ndpi.label.jpeg.png,train
22860.11.1.mrxs.label.jpeg,train
103849 CK20.mrxs.label.jpeg,train
308262-03 HER2.mrxs.label.jpeg,train
114067-01 HE.mrxs.label - Copy_modified.png,train
1330.svs.label.jpeg,train
O00357627_003_HE.mrxs.label.jpeg,train
114779 TLE1.mrxs.label_modified.png,train
14TMA E CADH.mrxs.label.jpeg,train
100063 5.mrxs.label.jpeg,train
O00304762_003HE.mrxs.label.jpeg,train
310737HE.mrxs.label.jpeg,train
1329.svs.label.jpeg,train
111332-04 HE.mrxs.label_modified.png,train
K00119903_001_15-2-2022_16-43-32.mrxs.label.jpeg_modified.png,train
103849 ER.mrxs.label.jpeg,train
118866-03 HE.mrxs.label_modified.png,train
115417-01 CD10.mrxs.label_modified.png,train
310640_02 HE.mrxs.label_modified.png,train
102731-01 HE.mrxs.label.jpeg,train
B00416340_002_SATB2.mrxs.label.jpeg.png,train
102157 Cd30.mrxs.label_modified.png,train
O00371805_03_HE.mrxs.label_modified.png,train
K00118743_001PDL1 22C3_19-1-2022_11-00-44.mrxs.label_modified.png,train
11557CD10.mrxs.label_modified.png,train
103202-01 p53.mrxs.label.jpeg,train
117845-01 desm.mrxs.label_modified.png,train
113335-02 HE.mrxs.label.jpeg,train
003262HER2.mrxs.label.jpeg,train
102731-02 CD30.mrxs.label_modified.png,train
340428ck5_6.mrxs.label_modified.png,train
22860.11.1.mrxs.label_modified.png,train
115236-01 CD10.mrxs.label_modified.png,train
anti- vimenti.svs.label.jpeg,train
13TMA P63.mrxs.label_modified.png,train
anti-ki-67.svs.label_modified.png,train
1054.svs.label - Copy.jpeg,train
1506CD79 HMB45.mrxs.label_modified.png,train
312190 ki67.mrxs.label_modified.png,train
5125-08-05 08.31.17.ndpi.label.jpeg_modified.png,train
115236-01 CD30.mrxs.label_modified.png,train
308333_1 HE.mrxs.label_modified.png,train
1447BCL6 KI67.mrxs.label.jpeg,train
13855.2.mrxs.label.jpeg,train
340412.1he.mrxs.label.jpeg,train
312353 ki67.mrxs.label_modified.png,train
304885_01 PR.mrxs.label.jpeg,train
12341_11_19.svs.label.jpeg,train
104414-01 HE.mrxs.label.jpeg,train
104372 Ki-67.mrxs.label_modified.png,train
102731-02 CD20.mrxs.label_modified.png,train
113808 Ki-67.mrxs.label_modified.png,train
313070 ki67.mrxs.label.jpeg,train
316502_1 HE.mrxs.label.jpeg,train
103715-03-ki67.mrxs.label_modified.png,train
102053-ki67.mrxs.label_modified.png,train
1447BCL6 KI67.mrxs.label_modified.png,train
29386.10.1 2.mrxs.label.jpeg,train
B00381794_001_ER.mrxs.label_modified.png,train
B00381203_001_HE.mrxs.label_modified.png,train
101963-CALD.mrxs.label.jpeg,train
1000209.svs.label_modified.png,train
310179 Ki67.mrxs.label.jpeg,train
340428ki67.mrxs.label.jpeg,train
110926-01 Ki-67.mrxs.label.jpeg,train
2TMA HER2 VEN.mrxs.label.jpeg,train
108106CD3.mrxs.label.jpeg,train
118430-01 Mum1.mrxs.label_modified.png,train
114181_1_he.mrxs.label_modified.png,train
O00417759_001_HER-2.mrxs.label.jpeg_modified.png,train
115417-01 CD5.mrxs.label.jpeg,train
1326.svs.label_modified.png,train
K00114282_007_HE.mrxs.label.jpeg,train
100063 4.mrxs.label.jpeg,train
1054.svs.label - Copy_modified.png,train
1311.svs.label.jpeg,train
29083.1.mrxs.label.jpeg,train
311808.mrxs.label_modified.png,train
108111-01 HE.mrxs.label_modified.png,train
K00118623_012Muc-2.mrxs.label_modified.png,train
K00114282_002_p 16.mrxs.label.jpeg,train
2468.14HE.mrxs.label_modified.png,train
14TMA HER2.mrxs.label - Copy.jpeg,train
108018_HE_4.mrxs.label_modified.png,train
111332-02 HE.mrxs.label.jpeg,train
O00304762_002HE.mrxs.label_modified.png,train
300785 ER PR.mrxs.label.jpeg,train
334285 ER_05.11.2019_16.58.54.mrxs.label_modified.png,train
3414CD10.mrxs.label.jpeg,train
114815-22 HE.mrxs.label.jpeg,train
104146_pgr.mrxs.label_modified.png,train
117416-01 CD10.mrxs.label.jpeg,train
O00371804_024_HE.mrxs.label_modified.png,train
319735_04 HE.mrxs.label.jpeg,train
102034-01-HE.mrxs.label.jpeg,train
29753.14.2.mrxs.label_modified.png,train
102340-04 HE.mrxs.label.jpeg,train
318466 LCA.mrxs.label_modified.png,train
102050-bcl2.mrxs.label_modified.png,train
5125-2022-08-05 08.35.19.ndpi.label.jpeg_modified.png,train
117892-01 HE.mrxs.label_modified.png,train
333275 CD45.mrxs.label_modified.png,train
O00373180_027_WT 1.mrxs.label.jpeg.png,train
14TMA E CADH.mrxs.label_modified.png,train
316496-14 HE.mrxs.label_modified.png,train
1312.svs.label.jpeg,train
310896 ki67.mrxs.label_modified.png,train
003262Ki67.mrxs.label - Copy_modified.png,train
333275 CyclD1.mrxs.label_modified.png,train
1326.svs.label.jpeg,train
1000201.svs.label.jpeg,train
114067-03 HE.mrxs.label_modified.png,train
103715-03-cmyc.mrxs.label.jpeg,train
338330 he.mrxs.label_modified.png,train
102340-03 HE.mrxs.label_modified.png,train
mart-melan.svs.label_modified.png,train
2044CD2.mrxs.label_modified.png,train
113392-01 bcl-2.mrxs.label.jpeg,train
104146_HE.mrxs.label.jpeg,train
114124_1_he.mrxs.label.jpeg,train
5_modified.png,train
1309.svs.label.jpeg,train
116741-002 HE.mrxs.label_modified.png,train
118866-01 PAX5.mrxs.label_modified.png,train
K00117249_001_11-3-2022_14-04-37.mrxs.label.jpeg.png,train
110518 HE.mrxs.label.jpeg,train
333275 Ki-67.mrxs.label.jpeg,train
116494-01 PD-L1.mrxs.label_modified.png,train
104414 ER.mrxs.label.jpeg,train
O00357524_16_HE.mrxs.label.jpeg,train
118430-01 Ki-67.mrxs.label_modified.png,train
103431_02cd3.mrxs.label_modified.png,train
103715-03-cd10.mrxs.label.jpeg,train
114758-01 HE.mrxs.label_modified.png,train
311080 HE.mrxs.label.jpeg,train
319347 ER.mrxs.label.jpeg,train
2315%3A-20(CD23).mrxs.label.jpeg,train
O00304762_002HE.mrxs.label.jpeg,train
319348_01 HER2.mrxs.label_modified.png,train
13982-5-8-2.mrxs.label_modified.png,train
101864-01 PAX8.mrxs.label.jpeg,train
105293-06 HE_2019-11-20T01_04_55.6901123Z.mrxs.label.jpeg,train
104372 CK20.mrxs.label_modified.png,train
119180-03 SYN.mrxs.label_modified.png,train
107198_02_ki67.mrxs.label_modified.png,train
335133 Ki67.mrxs.label.jpeg,train
2456CD79.mrxs.label.jpeg,train
300785 ER PR.mrxs.label_modified.png,train
333275 CD45.mrxs.label.jpeg,train
3425CD5.mrxs.label.jpeg,train
102731-02 BOB-1.mrxs.label.jpeg,train
313070he.mrxs.label_modified.png,train
107198_02_vim.mrxs.label_modified.png,train
310640_06 HE.mrxs.label_modified.png,train
1506CD79 HMB45.mrxs.label.jpeg,train
341926-ki67.mrxs.label.jpeg,train
22068HE.mrxs.label_modified.png,train
116334-01 LAMBDA.mrxs.label.jpeg,train
117416-01 CD5.mrxs.label_modified.png,train
1320.svs.label.jpeg,train
108106 CD45.mrxs.label.jpeg,train
312441 ki67.mrxs.label_modified.png,train
107782-01 bcl-2.mrxs.label_modified.png,train
B00381794_001_CromA.mrxs.label.jpeg,train
13TMA KI67x40 Ventana.mrxs.label - Copy.jpeg,train
B00416340_002_SATB2.mrxs.label.jpeg_modified.png,train
2315%3A-20(EMA).mrxs.label_modified.png,train
1321.svs.label.jpeg,train
K00109281_07_HE.mrxs.label.jpeg,train
27238.1.mrxs.label.jpeg,train
5125-2022-08-05 08.56.22.ndpi.label.jpeg_modified.png,train
B00384057-01 HE.mrxs.label.jpeg_modified.png,train
3414CD45RB.mrxs.label.jpeg,train
1323.svs.label_modified.png,test
102050-ki67.mrxs.label.jpeg,test
OKbarcode_5125-2022-08-05 09.26.47_label.png,test
101864 ER.mrxs.label_modified.png,test
anti-cd10.svs.label.jpeg,test
115250-01 CD2.mrxs.label_modified.png,test
100064 HE.mrxs.label.jpeg,test
102050-cyclind1.mrxs.label_modified.png,test
311080 CD8.mrxs.label.jpeg,test
118365-03 HE.mrxs.label.jpeg,test
003262Ki67.mrxs.label_modified.png,test
119180-03 Ki-67.mrxs.label.jpeg,test
1M07.mrxs.label - Copy.jpeg,test
113529_1_HE.mrxs.label_modified.png,test
29386.10.6.mrxs.label_modified.png,test
113392-01 CD10.mrxs.label_modified.png,test
319735_04 HE.mrxs.label_modified.png,test
B00381024_002_Ki-67.mrxs.label.jpeg,test
1075.svs.label.jpeg,test
110926-01 HE.mrxs.label_modified.png,test
102050-cyclind1.mrxs.label.jpeg,test
115417-01 bcl-2.mrxs.label_modified.png,test
104146_er.mrxs.label.jpeg,test
114779 EMA.mrxs.label.jpeg,test
5125-2022-08-05 08.44.05.ndpi.label.jpeg_modified.png,test
101765-02 HE.mrxs.label.jpeg,test
110838-01 CD10.mrxs.label_modified.png,test
O00371805_04_HE.mrxs.label.jpeg.png,test
102340-06 HE.mrxs.label_modified.png,test
102659-12 HE.mrxs.label_modified.png,test
22565.2.mrxs.label.jpeg,test
114179_1_he.mrxs.label.jpeg,test
309732lca.mrxs.label.jpeg,test
24367.3.mrxs.label_modified.png,test
305345_01 ER.mrxs.label_modified.png,test
113266_1_HE.mrxs.label.jpeg,test
1094.svs.label_modified.png,test
K00107746_01_13-1-2022_15-23-27.mrxs.label.jpeg.png,test
12410-1.mrxs.label.jpeg,test
113392-01 CD5.mrxs.label.jpeg,test
1097CD23.mrxs.label_modified.png,test
300983_01 HE.mrxs.label.jpeg,test
101765-01 WT1.mrxs.label.jpeg,test
118491-01 bcl-2.mrxs.label_modified.png,test
117416-01 CD10.mrxs.label_modified.png,test
B00382432_022_HE.mrxs.label.jpeg,test
29753-14-2.mrxs.label_modified.png,test
102157 Cd30.mrxs.label.jpeg,test
K00107866_01.mrxs.label.jpeg,test
116334-01 CyclD1.mrxs.label.jpeg,test
FAILbarcode_5125-08-05 08.31.17_label.png,test
107782 MUM1.mrxs.label.jpeg,test
343514-01 HER2.mrxs.label.jpeg,test
340428pgr.mrxs.label.jpeg,test
316633_01 ER.mrxs.label_modified.png,test
316570 HE.mrxs.label.jpeg,test
101963-ema.mrxs.label_modified.png,test
O00371804_027_HE.mrxs.label.jpeg,test
118866-04 HE.mrxs.label.jpeg,test
104332 Ki67.mrxs.label_modified.png,test
312457 top2.mrxs.label.jpeg,test
17741 phh3.mrxs.label.jpeg,test
103431_02cd20.mrxs.label_modified.png,test
101322-01 HE.mrxs.label.jpeg,test
118365-03 HE.mrxs.label_modified.png,test
1M14.mrxs.label_modified.png,test
3414EMA.mrxs.label_modified.png,test
102731-02 PAX5.mrxs.label.jpeg,test
11557CD30.mrxs.label.jpeg,test
103683-03 WT1.mrxs.label_modified.png,test
13520.3.mrxs.label.jpeg,test
113557_p40.mrxs.label - Copy_modified.png,test
102340-08 HE.mrxs.label.jpeg,test
114719-01 HE.mrxs.label - Copy.jpeg,test
B00381048_004_HE.mrxs.label_modified.png,test
107782-05 HE.mrxs.label.jpeg,test
102157 Vim.mrxs.label.jpeg,test
102053-he18.mrxs.label.jpeg,test
103755-04 HE.mrxs.label_modified.png,test
118167-02 HE.mrxs.label_modified.png,test
118285-01 Ki-67.mrxs.label_modified.png,test
1092.svs.label_modified.png,test
B00381794_001_CK 5_6.mrxs.label.jpeg,test
1053.svs.label_modified.png,test
201CD20 CD3.mrxs.label_modified.png,test
O00357599_14_HE.mrxs.label_modified.png,test
B00408335_001_CD10.mrxs.label_modified.png,test
102053-ki67.mrxs.label.jpeg,test
22821.2.mrxs.label.jpeg,test
5125-2022-08-05 08.53.19.ndpi.label.jpeg_modified.png,test
338332.mrxs.label.jpeg,test
309732ki67.mrxs.label_modified.png,test
28661HER2.mrxs.label_modified.png,test
2831.14HE.mrxs.label.jpeg,test
113718-07 HE.mrxs.label_modified.png,test
340428he.mrxs.label_modified.png,test
5125-08-05 08.27.51.ndpi.label.jpeg.png,test
12358.mrxs.label.jpeg,test
103849-01 HE.mrxs.label_modified.png,test
2044coll IV.mrxs.label.jpeg,val
2315%3A-20(CD30).mrxs.label.jpeg,val
107782-08 HE.mrxs.label.jpeg,val
102731-02 BOB-1.mrxs.label_modified.png,val
anti-s100.svs.label.jpeg,val
1115925_1_he.mrxs.label_modified.png,val
107782-06 HE.mrxs.label_modified.png,val
109966-01 S-100.mrxs.label.jpeg,val
319347 ER.mrxs.label_modified.png,val
101765-01 WT1.mrxs.label_modified.png,val
305345_01 PR.mrxs.label_modified.png,val
336957 ER.mrxs.label.jpeg,val
118866-01 OCT2.mrxs.label_modified.png,val
118365-01 HE.mrxs.label.jpeg,val
1291.svs.label_modified.png,val
102340-04 HE.mrxs.label_modified.png,val
101257 CD8.mrxs.label.jpeg,val
14TMA BRISH HER2.mrxs.label - Copy.jpeg,val
O00369423_015_HE.mrxs.label_modified.png,val
114179_1_pd_l1.mrxs.label.jpeg,val
38896.svs.label_modified.png,val
110040-2 HE.mrxs.label.jpeg,val
103715-03-cd20.mrxs.label.jpeg,val
anti-ki-67.svs.label.jpeg,val
118914-01 bcl-2.mrxs.label.jpeg,val
118430-01 Ki-67.mrxs.label.jpeg,val
117344-10 HE.mrxs.label.jpeg,val
310737ER_PGR.mrxs.label.jpeg,val
103849 CK7.mrxs.label_modified.png,val
2315%3A-20(CD20).mrxs.label.jpeg,val
102659-07 HE.mrxs.label.jpeg,val
2498CD34.1.mrxs.label_modified.png,val
104471 MAMMAGL.mrxs.label_modified.png,val
B00408455_004_HE.mrxs.label.jpeg,val
22021.mrxs.label.jpeg,val
108018 vimentin_1.mrxs.label.jpeg,val
315307 PR.mrxs.label.jpeg,val
318466 LCA.mrxs.label.jpeg,val
K00105620_01.mrxs.label.jpeg.png,val
315307_02 HE.mrxs.label_modified.png,val
113532_1_HE.mrxs.label_modified.png,val
201CD20 CD3.mrxs.label.jpeg,val
103431_02lca.mrxs.label.jpeg,val
1002238.svs.label_modified.png,val
315323_03 HE.mrxs.label.jpeg,val
anti- vimenti.svs.label_modified.png,val
2315%3A-20(CD8).mrxs.label - Copy.jpeg,val
B00381841_001_HE.mrxs.label_modified.png,val
102046-cd56.mrxs.label_modified.png,val
2590CD20.mrxs.label_modified.png,val
2315%3A-20(CD23).mrxs.label_modified.png,val
1324.svs.label.jpeg,val
1002236.svs.label.jpeg,val
113392-01 CD3.mrxs.label_modified.png,val
115152-01 CD3.mrxs.label_modified.png,val
O00415307_015_p16.mrxs.label.jpeg.png,val
1097CD45 ALK.mrxs.label.jpeg,val
338141 PR.mrxs.label.jpeg,val
O00371804_029_HE.mrxs.label_modified.png,val
13982-5-8-3.mrxs.label - Copy.jpeg,val
O00372850_29_HE.mrxs.label.jpeg.png,val
342957-12 HE.mrxs.label_modified.png,val
21333262.mrxs.label_modified.png,val
102340-02 HE.mrxs.label.jpeg,val
118914-01 bcl-6.mrxs.label_modified.png,val
27677.4HE.mrxs.label.jpeg,val
114719-01 ING.mrxs.label_modified.png,val
23667-06-2.1.mrxs.label.jpeg,val
110974-03 HE.mrxs.label.jpeg,val
115236-01 HE.mrxs.label.jpeg,val
3414EMA.mrxs.label.jpeg,val
K00117789_001_18-1-2022_17-19-52.mrxs.label.jpeg.png,val
109966-01 Ki-67.mrxs.label_modified.png,val
118236-01 CD30.mrxs.label.jpeg,val
117845-01 desm.mrxs.label.jpeg,val
17754he.mrxs.label_modified.png,val
14TMA KI67x40 Ventana.mrxs.label - Copy.jpeg,val
109966-01 HE.mrxs.label.jpeg,val
114180_1_pd_l1.mrxs.label_modified.png,val
5125-2022-08-05 08.52.07.ndpi.label.jpeg_modified.png,val
342005-03 HE.mrxs.label_modified.png,val
104372 ER.mrxs.label.jpeg,val
114758-03 HE.mrxs.label_modified.png,val
18011.1.1.mrxs.label_modified.png,val
102034-02-HE.mrxs.label.jpeg,val
103202 CK20.mrxs.label_modified.png,val
2252TGLOB.mrxs.label.jpeg,val
116334-01 LAMBDA.mrxs.label_modified.png,val
102050-cd5.mrxs.label.jpeg,val
10253CD2.mrxs.label.jpeg,val
13982-5-8-2.mrxs.label.jpeg,val
FAILbarcode_5125-2022-08-05 08.33.15_label_modified.png,val
117892-01 HE.mrxs.label.jpeg,val
311864.6.mrxs.label.jpeg,val
319347 HER2.mrxs.label.jpeg,val
2TMA P53 VEN.mrxs.label - Copy.jpeg,val
101864-01 TTF1.mrxs.label.jpeg,val
113557_p40.mrxs.label_modified.png,val
101765 p53.mrxs.label.jpeg,val
316633_01 E-CADHERIN.mrxs.label.jpeg,val
