O00417759_001_HER-2.mrxs.label.jpeg.png,train,dmtx
O00417759_001_HER-2.mrxs.label.jpeg_augmented.png,train,dmtx
O00417759_001_HER-2.mrxs.label.jpeg_rotated.png,train,dmtx
5125-2022-08-05 08.40.43.ndpi.label.jpeg.png,train,dmtx
5125-2022-08-05 08.40.43.ndpi.label.jpeg_augmented.png,train,dmtx
5125-2022-08-05 08.40.43.ndpi.label.jpeg_rotated.png,train,dmtx
03895570 HE.mrxs.label.jpeg,train,dmtx
03895570 HE.mrxs.label_augmented.jpeg,train,dmtx
03895570 HE.mrxs.label_rotated.jpeg,train,dmtx
118365-02 HE.mrxs.label.jpeg,train,dmtx
118365-02 HE.mrxs.label_augmented.jpeg,train,dmtx
118365-02 HE.mrxs.label_rotated.jpeg,train,dmtx
FAILbarcode_5125-08-05 08.31.17_label.png,train,dmtx
FAILbarcode_5125-08-05 08.31.17_label_augmented.png,train,dmtx
FAILbarcode_5125-08-05 08.31.17_label_rotated.png,train,dmtx
110838-04 HE.mrxs.label.jpeg,train,1d
110838-04 HE.mrxs.label_augmented.jpeg,train,1d
110838-04 HE.mrxs.label_rotated.jpeg,train,1d
107318-01 HE.mrxs.label.jpeg,train,1d
107318-01 HE.mrxs.label_augmented.jpeg,train,1d
107318-01 HE.mrxs.label_rotated.jpeg,train,1d
B00384202_004HE.mrxs.label.jpeg,train,dmtx
B00384202_004HE.mrxs.label_augmented.jpeg,train,dmtx
B00384202_004HE.mrxs.label_rotated.jpeg,train,dmtx
O00357524_14_HE.mrxs.label.jpeg,train,dmtx
O00357524_14_HE.mrxs.label_augmented.jpeg,train,dmtx
O00357524_14_HE.mrxs.label_rotated.jpeg,train,dmtx
110515 HE.mrxs.label.jpeg,train,1d
110515 HE.mrxs.label_augmented.jpeg,train,1d
110515 HE.mrxs.label_rotated.jpeg,train,1d
113531_1_HE.mrxs.label.jpeg,train,dmtx
113531_1_HE.mrxs.label_augmented.jpeg,train,dmtx
113531_1_HE.mrxs.label_rotated.jpeg,train,dmtx
110926-01 MSA.mrxs.label.jpeg,train,1d
110926-01 MSA.mrxs.label_augmented.jpeg,train,1d
110926-01 MSA.mrxs.label_rotated.jpeg,train,1d
115236-01 c-myc.mrxs.label.jpeg,train,dmtx
115236-01 c-myc.mrxs.label_augmented.jpeg,train,dmtx
115236-01 c-myc.mrxs.label_rotated.jpeg,train,dmtx
110926-01 Myf4.mrxs.label.jpeg,train,1d
110926-01 Myf4.mrxs.label_augmented.jpeg,train,1d
110926-01 Myf4.mrxs.label_rotated.jpeg,train,1d
118866-04 HE.mrxs.label.jpeg,train,dmtx
118866-04 HE.mrxs.label_augmented.jpeg,train,dmtx
118866-04 HE.mrxs.label_rotated.jpeg,train,dmtx
003262Ki67.mrxs.label.jpeg,train,1d
003262Ki67.mrxs.label_augmented.jpeg,train,1d
003262Ki67.mrxs.label_rotated.jpeg,train,1d
32.svs.label.jpeg,train,1d
32.svs.label_augmented.jpeg,train,1d
32.svs.label_rotated.jpeg,train,1d
102731 EMA.mrxs.label.jpeg,train,1d
102731 EMA.mrxs.label_augmented.jpeg,train,1d
102731 EMA.mrxs.label_rotated.jpeg,train,1d
114036-01 HE.mrxs.label.jpeg,train,dmtx
114036-01 HE.mrxs.label_augmented.jpeg,train,dmtx
114036-01 HE.mrxs.label_rotated.jpeg,train,dmtx
107198_02_vim.mrxs.label.jpeg,train,1d
107198_02_vim.mrxs.label_augmented.jpeg,train,1d
107198_02_vim.mrxs.label_rotated.jpeg,train,1d
117892-01 ALK1.mrxs.label.jpeg,train,dmtx
117892-01 ALK1.mrxs.label_augmented.jpeg,train,dmtx
117892-01 ALK1.mrxs.label_rotated.jpeg,train,dmtx
K00117249_001_11-3-2022_14-04-37.mrxs.label.jpeg.png,train,dmtx
K00117249_001_11-3-2022_14-04-37.mrxs.label.jpeg_augmented.png,train,dmtx
K00117249_001_11-3-2022_14-04-37.mrxs.label.jpeg_rotated.png,train,dmtx
116334-01 CD20.mrxs.label.jpeg,train,dmtx
116334-01 CD20.mrxs.label_augmented.jpeg,train,dmtx
116334-01 CD20.mrxs.label_rotated.jpeg,train,dmtx
anti pan-ke.svs.label.jpeg,train,1d
anti pan-ke.svs.label_augmented.jpeg,train,1d
anti pan-ke.svs.label_rotated.jpeg,train,1d
104471 ER.mrxs.label.jpeg,train,1d
104471 ER.mrxs.label_augmented.jpeg,train,1d
104471 ER.mrxs.label_rotated.jpeg,train,1d
B00384218_001Myf4_15-3-2022_12-51-14.mrxs.label.jpeg,train,dmtx
B00384218_001Myf4_15-3-2022_12-51-14.mrxs.label_augmented.jpeg,train,dmtx
B00384218_001Myf4_15-3-2022_12-51-14.mrxs.label_rotated.jpeg,train,dmtx
K00119903_001_15-2-2022_16-38-06.mrxs.label.jpeg.png,train,dmtx
K00119903_001_15-2-2022_16-38-06.mrxs.label.jpeg_augmented.png,train,dmtx
K00119903_001_15-2-2022_16-38-06.mrxs.label.jpeg_rotated.png,train,dmtx
114067-04 HE.mrxs.label.jpeg,train,dmtx
114067-04 HE.mrxs.label_augmented.jpeg,train,dmtx
114067-04 HE.mrxs.label_rotated.jpeg,train,dmtx
102046-ki67.mrxs.label.jpeg,train,1d
102046-ki67.mrxs.label_augmented.jpeg,train,1d
102046-ki67.mrxs.label_rotated.jpeg,train,1d
B00380681_001_Mum 1.mrxs.label.jpeg,train,dmtx
B00380681_001_Mum 1.mrxs.label_augmented.jpeg,train,dmtx
B00380681_001_Mum 1.mrxs.label_rotated.jpeg,train,dmtx
119180-03 PSAP.mrxs.label.jpeg,train,dmtx
119180-03 PSAP.mrxs.label_augmented.jpeg,train,dmtx
119180-03 PSAP.mrxs.label_rotated.jpeg,train,dmtx
105293 Vimentin.mrxs.label.jpeg,train,1d
105293 Vimentin.mrxs.label_augmented.jpeg,train,1d
105293 Vimentin.mrxs.label_rotated.jpeg,train,1d
102050-cd3.mrxs.label.jpeg,train,1d
102050-cd3.mrxs.label_augmented.jpeg,train,1d
102050-cd3.mrxs.label_rotated.jpeg,train,1d
102340-03 HE.mrxs.label.jpeg,train,1d
102340-03 HE.mrxs.label_augmented.jpeg,train,1d
102340-03 HE.mrxs.label_rotated.jpeg,train,1d
B00384057-01 HE.mrxs.label.jpeg.png,train,dmtx
B00384057-01 HE.mrxs.label.jpeg_augmented.png,train,dmtx
B00384057-01 HE.mrxs.label.jpeg_rotated.png,train,dmtx
14TMA BRISH HER2.mrxs.label - Copy.jpeg,train,1d
14TMA BRISH HER2.mrxs.label - Copy_augmented.jpeg,train,1d
14TMA BRISH HER2.mrxs.label - Copy_rotated.jpeg,train,1d
107198_02_tle1.mrxs.label.jpeg,train,1d
107198_02_tle1.mrxs.label_augmented.jpeg,train,1d
107198_02_tle1.mrxs.label_rotated.jpeg,train,1d
30.svs.label.jpeg,train,1d
30.svs.label_augmented.jpeg,train,1d
30.svs.label_rotated.jpeg,train,1d
104028 ER.mrxs.label.jpeg,train,1d
104028 ER.mrxs.label_augmented.jpeg,train,1d
104028 ER.mrxs.label_rotated.jpeg,train,1d
103715-03-bcl6.mrxs.label.jpeg,train,1d
103715-03-bcl6.mrxs.label_augmented.jpeg,train,1d
103715-03-bcl6.mrxs.label_rotated.jpeg,train,1d
334285 HER2.mrxs.label.jpeg,train,1d
334285 HER2.mrxs.label_augmented.jpeg,train,1d
334285 HER2.mrxs.label_rotated.jpeg,train,1d
113392-01 bcl-2.mrxs.label.jpeg,train,dmtx
113392-01 bcl-2.mrxs.label_augmented.jpeg,train,dmtx
113392-01 bcl-2.mrxs.label_rotated.jpeg,train,dmtx
28661 PR.mrxs.label.jpeg,train,1d
28661 PR.mrxs.label_augmented.jpeg,train,1d
28661 PR.mrxs.label_rotated.jpeg,train,1d
118237-01 bcl-6.mrxs.label.jpeg,train,dmtx
118237-01 bcl-6.mrxs.label_augmented.jpeg,train,dmtx
118237-01 bcl-6.mrxs.label_rotated.jpeg,train,dmtx
102659-09 HE.mrxs.label.jpeg,train,1d
102659-09 HE.mrxs.label_augmented.jpeg,train,1d
102659-09 HE.mrxs.label_rotated.jpeg,train,1d
103431_02cd20.mrxs.label.jpeg,train,1d
103431_02cd20.mrxs.label_augmented.jpeg,train,1d
103431_02cd20.mrxs.label_rotated.jpeg,train,1d
107782 MUM1.mrxs.label.jpeg,train,1d
107782 MUM1.mrxs.label_augmented.jpeg,train,1d
107782 MUM1.mrxs.label_rotated.jpeg,train,1d
O00357599_14_HE.mrxs.label.jpeg,train,dmtx
O00357599_14_HE.mrxs.label_augmented.jpeg,train,dmtx
O00357599_14_HE.mrxs.label_rotated.jpeg,train,dmtx
103849-01 HE.mrxs.label.jpeg,train,1d
103849-01 HE.mrxs.label_augmented.jpeg,train,1d
103849-01 HE.mrxs.label_rotated.jpeg,train,1d
103202-01 CK20.mrxs.label.jpeg,train,1d
103202-01 CK20.mrxs.label_augmented.jpeg,train,1d
103202-01 CK20.mrxs.label_rotated.jpeg,train,1d
5125-2022-08-05 08.35.19.ndpi.label.jpeg.png,train,dmtx
5125-2022-08-05 08.35.19.ndpi.label.jpeg_augmented.png,train,dmtx
5125-2022-08-05 08.35.19.ndpi.label.jpeg_rotated.png,train,dmtx
103715-03-cmyc.mrxs.label.jpeg,train,1d
103715-03-cmyc.mrxs.label_augmented.jpeg,train,1d
103715-03-cmyc.mrxs.label_rotated.jpeg,train,1d
104372 CK20.mrxs.label.jpeg,train,1d
104372 CK20.mrxs.label_augmented.jpeg,train,1d
104372 CK20.mrxs.label_rotated.jpeg,train,1d
B00413265_001_HER-2.mrxs.label.jpeg.png,train,dmtx
B00413265_001_HER-2.mrxs.label.jpeg_augmented.png,train,dmtx
B00413265_001_HER-2.mrxs.label.jpeg_rotated.png,train,dmtx
102659-15 HE.mrxs.label.jpeg,train,1d
102659-15 HE.mrxs.label_augmented.jpeg,train,1d
102659-15 HE.mrxs.label_rotated.jpeg,train,1d
O00371805_17_HE.mrxs.label.jpeg.png,train,dmtx
O00371805_17_HE.mrxs.label.jpeg_augmented.png,train,dmtx
O00371805_17_HE.mrxs.label.jpeg_rotated.png,train,dmtx
108111-01 HE.mrxs.label.jpeg,train,1d
108111-01 HE.mrxs.label_augmented.jpeg,train,1d
108111-01 HE.mrxs.label_rotated.jpeg,train,1d
114779 Sox10.mrxs.label.jpeg,train,dmtx
114779 Sox10.mrxs.label_augmented.jpeg,train,dmtx
114779 Sox10.mrxs.label_rotated.jpeg,train,dmtx
312353 ki67.mrxs.label.jpeg,train,1d
312353 ki67.mrxs.label_augmented.jpeg,train,1d
312353 ki67.mrxs.label_rotated.jpeg,train,1d
O00371805_04_HE.mrxs.label.jpeg.png,train,dmtx
O00371805_04_HE.mrxs.label.jpeg_augmented.png,train,dmtx
O00371805_04_HE.mrxs.label.jpeg_rotated.png,train,dmtx
113557_TTF1.mrxs.label - Copy.jpeg,train,dmtx
113557_TTF1.mrxs.label - Copy_augmented.jpeg,train,dmtx
113557_TTF1.mrxs.label - Copy_rotated.jpeg,train,dmtx
102340-04 HE.mrxs.label.jpeg,train,1d
102340-04 HE.mrxs.label_augmented.jpeg,train,1d
102340-04 HE.mrxs.label_rotated.jpeg,train,1d
114779 Desm.mrxs.label.jpeg,train,dmtx
114779 Desm.mrxs.label_augmented.jpeg,train,dmtx
114779 Desm.mrxs.label_rotated.jpeg,train,dmtx
114758-09 HE.mrxs.label.jpeg,train,dmtx
114758-09 HE.mrxs.label_augmented.jpeg,train,dmtx
114758-09 HE.mrxs.label_rotated.jpeg,train,dmtx
102731 Ki-67.mrxs.label.jpeg,train,1d
102731 Ki-67.mrxs.label_augmented.jpeg,train,1d
102731 Ki-67.mrxs.label_rotated.jpeg,train,1d
115215-02 HE.mrxs.label.jpeg,train,dmtx
115215-02 HE.mrxs.label_augmented.jpeg,train,dmtx
115215-02 HE.mrxs.label_rotated.jpeg,train,dmtx
K00119903_001_15-2-2022_16-46-36.mrxs.label.jpeg.png,train,dmtx
K00119903_001_15-2-2022_16-46-36.mrxs.label.jpeg_augmented.png,train,dmtx
K00119903_001_15-2-2022_16-46-36.mrxs.label.jpeg_rotated.png,train,dmtx
101963-S100.mrxs.label.jpeg,train,1d
101963-S100.mrxs.label_augmented.jpeg,train,1d
101963-S100.mrxs.label_rotated.jpeg,train,1d
13TMA KI67x40 Ventana.mrxs.label - Copy.jpeg,train,1d
13TMA KI67x40 Ventana.mrxs.label - Copy_augmented.jpeg,train,1d
13TMA KI67x40 Ventana.mrxs.label - Copy_rotated.jpeg,train,1d
102731 CD45.mrxs.label.jpeg,train,1d
102731 CD45.mrxs.label_augmented.jpeg,train,1d
102731 CD45.mrxs.label_rotated.jpeg,train,1d
104471 MAMMAGL.mrxs.label.jpeg,train,1d
104471 MAMMAGL.mrxs.label_augmented.jpeg,train,1d
104471 MAMMAGL.mrxs.label_rotated.jpeg,train,1d
117344-11 HE.mrxs.label.jpeg,train,dmtx
117344-11 HE.mrxs.label_augmented.jpeg,train,dmtx
117344-11 HE.mrxs.label_rotated.jpeg,train,dmtx
10TMAP53 VEN.mrxs.label - Copy.jpeg,train,1d
10TMAP53 VEN.mrxs.label - Copy_augmented.jpeg,train,1d
10TMAP53 VEN.mrxs.label - Copy_rotated.jpeg,train,1d
29036-1 HER2.mrxs.label.jpeg,train,1d
29036-1 HER2.mrxs.label_augmented.jpeg,train,1d
29036-1 HER2.mrxs.label_rotated.jpeg,train,1d
102046-cd56.mrxs.label.jpeg,train,1d
102046-cd56.mrxs.label_augmented.jpeg,train,1d
102046-cd56.mrxs.label_rotated.jpeg,train,1d
114719-01 ING.mrxs.label - Copy.jpeg,train,dmtx
114719-01 ING.mrxs.label - Copy_augmented.jpeg,train,dmtx
114719-01 ING.mrxs.label - Copy_rotated.jpeg,train,dmtx
105293 CEA.mrxs.label.jpeg,train,1d
105293 CEA.mrxs.label_augmented.jpeg,train,1d
105293 CEA.mrxs.label_rotated.jpeg,train,1d
107198_02_he.mrxs.label.jpeg,train,1d
107198_02_he.mrxs.label_augmented.jpeg,train,1d
107198_02_he.mrxs.label_rotated.jpeg,train,1d
13TMA PR.mrxs.label - Copy.jpeg,train,1d
13TMA PR.mrxs.label - Copy_augmented.jpeg,train,1d
13TMA PR.mrxs.label - Copy_rotated.jpeg,train,1d
332570ER.mrxs.label.jpeg,train,1d
332570ER.mrxs.label_augmented.jpeg,train,1d
332570ER.mrxs.label_rotated.jpeg,train,1d
114181_1_pd-l1.mrxs.label.jpeg,train,dmtx
114181_1_pd-l1.mrxs.label_augmented.jpeg,train,dmtx
114181_1_pd-l1.mrxs.label_rotated.jpeg,train,dmtx
104414 PR.mrxs.label.jpeg,train,1d
104414 PR.mrxs.label_augmented.jpeg,train,1d
104414 PR.mrxs.label_rotated.jpeg,train,1d
113808 SYN.mrxs.label.jpeg,train,dmtx
113808 SYN.mrxs.label_augmented.jpeg,train,dmtx
113808 SYN.mrxs.label_rotated.jpeg,train,dmtx
B00381024_002_Ki-67.mrxs.label.jpeg,train,dmtx
B00381024_002_Ki-67.mrxs.label_augmented.jpeg,train,dmtx
B00381024_002_Ki-67.mrxs.label_rotated.jpeg,train,dmtx
FAILbarcode_5125-2022-08-05 08.33.15_label.png,train,dmtx
FAILbarcode_5125-2022-08-05 08.33.15_label_augmented.png,train,dmtx
FAILbarcode_5125-2022-08-05 08.33.15_label_rotated.png,train,dmtx
102340-05 HE.mrxs.label.jpeg,train,1d
102340-05 HE.mrxs.label_augmented.jpeg,train,1d
102340-05 HE.mrxs.label_rotated.jpeg,train,1d
B00389754_001Ki-67.mrxs.label.jpeg.png,train,dmtx
B00389754_001Ki-67.mrxs.label.jpeg_augmented.png,train,dmtx
B00389754_001Ki-67.mrxs.label.jpeg_rotated.png,train,dmtx
107782-05 HE.mrxs.label.jpeg,train,1d
107782-05 HE.mrxs.label_augmented.jpeg,train,1d
107782-05 HE.mrxs.label_rotated.jpeg,train,1d
118285-01 PD1.mrxs.label.jpeg,train,dmtx
118285-01 PD1.mrxs.label_augmented.jpeg,train,dmtx
118285-01 PD1.mrxs.label_rotated.jpeg,train,dmtx
113557_p40.mrxs.label.jpeg,train,dmtx
113557_p40.mrxs.label_augmented.jpeg,train,dmtx
113557_p40.mrxs.label_rotated.jpeg,train,dmtx
102034-03-HE.mrxs.label.jpeg,train,1d
102034-03-HE.mrxs.label_augmented.jpeg,train,1d
102034-03-HE.mrxs.label_rotated.jpeg,train,1d
118491-01 CD3.mrxs.label.jpeg,train,dmtx
118491-01 CD3.mrxs.label_augmented.jpeg,train,dmtx
118491-01 CD3.mrxs.label_rotated.jpeg,train,dmtx
117344-10 HE.mrxs.label.jpeg,train,dmtx
117344-10 HE.mrxs.label_augmented.jpeg,train,dmtx
117344-10 HE.mrxs.label_rotated.jpeg,train,dmtx
102050-he2.mrxs.label.jpeg,train,1d
102050-he2.mrxs.label_augmented.jpeg,train,1d
102050-he2.mrxs.label_rotated.jpeg,train,1d
003262Ki67.mrxs.label - Copy.jpeg,train,1d
003262Ki67.mrxs.label - Copy_augmented.jpeg,train,1d
003262Ki67.mrxs.label - Copy_rotated.jpeg,train,1d
104372 CDX2.mrxs.label.jpeg,train,1d
104372 CDX2.mrxs.label_augmented.jpeg,train,1d
104372 CDX2.mrxs.label_rotated.jpeg,train,1d
334285 Ki-67.mrxs.label.jpeg,train,1d
334285 Ki-67.mrxs.label_augmented.jpeg,train,1d
334285 Ki-67.mrxs.label_rotated.jpeg,train,1d
FAILbarcode_5125-2022-08-05 08.35.19_label.png,train,dmtx
FAILbarcode_5125-2022-08-05 08.35.19_label_augmented.png,train,dmtx
FAILbarcode_5125-2022-08-05 08.35.19_label_rotated.png,train,dmtx
B00381794_001_CK 5_6.mrxs.label.jpeg,train,dmtx
B00381794_001_CK 5_6.mrxs.label_augmented.jpeg,train,dmtx
B00381794_001_CK 5_6.mrxs.label_rotated.jpeg,train,dmtx
5125-2022-08-05 08.46.52.ndpi.label.jpeg.png,train,dmtx
5125-2022-08-05 08.46.52.ndpi.label.jpeg_augmented.png,train,dmtx
5125-2022-08-05 08.46.52.ndpi.label.jpeg_rotated.png,train,dmtx
103849 CDX2.mrxs.label.jpeg,train,1d
103849 CDX2.mrxs.label_augmented.jpeg,train,1d
103849 CDX2.mrxs.label_rotated.jpeg,train,1d
K00118695_002Ki-67.mrxs.label.jpeg,train,dmtx
K00118695_002Ki-67.mrxs.label_augmented.jpeg,train,dmtx
K00118695_002Ki-67.mrxs.label_rotated.jpeg,train,dmtx
O00371805_14_HE.mrxs.label.jpeg.png,train,dmtx
O00371805_14_HE.mrxs.label.jpeg_augmented.png,train,dmtx
O00371805_14_HE.mrxs.label.jpeg_rotated.png,train,dmtx
114139_1_he.mrxs.label.jpeg,train,dmtx
114139_1_he.mrxs.label_augmented.jpeg,train,dmtx
114139_1_he.mrxs.label_rotated.jpeg,train,dmtx
101963-myoD1.mrxs.label.jpeg,train,1d
101963-myoD1.mrxs.label_augmented.jpeg,train,1d
101963-myoD1.mrxs.label_rotated.jpeg,train,1d
102340-06 HE.mrxs.label.jpeg,train,1d
102340-06 HE.mrxs.label_augmented.jpeg,train,1d
102340-06 HE.mrxs.label_rotated.jpeg,train,1d
116486-01 HE.mrxs.label.jpeg,train,dmtx
116486-01 HE.mrxs.label_augmented.jpeg,train,dmtx
116486-01 HE.mrxs.label_rotated.jpeg,train,dmtx
K00114750_012HE.mrxs.label.jpeg.png,train,dmtx
K00114750_012HE.mrxs.label.jpeg_augmented.png,train,dmtx
K00114750_012HE.mrxs.label.jpeg_rotated.png,train,dmtx
107198_02_tgl.mrxs.label.jpeg,train,1d
107198_02_tgl.mrxs.label_augmented.jpeg,train,1d
107198_02_tgl.mrxs.label_rotated.jpeg,train,1d
O00418880_014_HE.mrxs.label.jpeg,train,dmtx
O00418880_014_HE.mrxs.label_augmented.jpeg,train,dmtx
O00418880_014_HE.mrxs.label_rotated.jpeg,train,dmtx
103202-01 CDX2.mrxs.label.jpeg,train,1d
103202-01 CDX2.mrxs.label_augmented.jpeg,train,1d
103202-01 CDX2.mrxs.label_rotated.jpeg,train,1d
21333262.mrxs.label.jpeg,train,1d
21333262.mrxs.label_augmented.jpeg,train,1d
21333262.mrxs.label_rotated.jpeg,train,1d
K00105620_01.mrxs.label.jpeg.png,train,dmtx
K00105620_01.mrxs.label.jpeg_augmented.png,train,dmtx
K00105620_01.mrxs.label.jpeg_rotated.png,train,dmtx
116334-01 LAMBDA.mrxs.label.jpeg,train,dmtx
116334-01 LAMBDA.mrxs.label_augmented.jpeg,train,dmtx
116334-01 LAMBDA.mrxs.label_rotated.jpeg,train,dmtx
102034-02-HE.mrxs.label.jpeg,train,1d
102034-02-HE.mrxs.label_augmented.jpeg,train,1d
102034-02-HE.mrxs.label_rotated.jpeg,train,1d
104332 AR.mrxs.label.jpeg,train,1d
104332 AR.mrxs.label_augmented.jpeg,train,1d
104332 AR.mrxs.label_rotated.jpeg,train,1d
334301her2.mrxs.label.jpeg,train,1d
334301her2.mrxs.label_augmented.jpeg,train,1d
334301her2.mrxs.label_rotated.jpeg,train,1d
102050-cd20.mrxs.label.jpeg,train,1d
102050-cd20.mrxs.label_augmented.jpeg,train,1d
102050-cd20.mrxs.label_rotated.jpeg,train,1d
101864-01 TTF1.mrxs.label.jpeg,train,1d
101864-01 TTF1.mrxs.label_augmented.jpeg,train,1d
101864-01 TTF1.mrxs.label_rotated.jpeg,train,1d
119180-03 Ki-67.mrxs.label.jpeg,train,dmtx
119180-03 Ki-67.mrxs.label_augmented.jpeg,train,dmtx
119180-03 Ki-67.mrxs.label_rotated.jpeg,train,dmtx
104028 vimentin.mrxs.label.jpeg,train,1d
104028 vimentin.mrxs.label_augmented.jpeg,train,1d
104028 vimentin.mrxs.label_rotated.jpeg,train,1d
110926-01 SMA.mrxs.label.jpeg,train,1d
110926-01 SMA.mrxs.label_augmented.jpeg,train,1d
110926-01 SMA.mrxs.label_rotated.jpeg,train,1d
5125-2022-08-05 08.49.10.ndpi.label.jpeg.png,train,dmtx
5125-2022-08-05 08.49.10.ndpi.label.jpeg_augmented.png,train,dmtx
5125-2022-08-05 08.49.10.ndpi.label.jpeg_rotated.png,train,dmtx
114067-06 HE.mrxs.label.jpeg,train,dmtx
114067-06 HE.mrxs.label_augmented.jpeg,train,dmtx
114067-06 HE.mrxs.label_rotated.jpeg,train,dmtx
113530_1_HE.mrxs.label - Copy.jpeg,train,dmtx
113530_1_HE.mrxs.label - Copy_augmented.jpeg,train,dmtx
113530_1_HE.mrxs.label - Copy_rotated.jpeg,train,dmtx
115417-01 CyclD1.mrxs.label.jpeg,train,dmtx
115417-01 CyclD1.mrxs.label_augmented.jpeg,train,dmtx
115417-01 CyclD1.mrxs.label_rotated.jpeg,train,dmtx
O00304762_002HE.mrxs.label.jpeg,train,dmtx
O00304762_002HE.mrxs.label_augmented.jpeg,train,dmtx
O00304762_002HE.mrxs.label_rotated.jpeg,train,dmtx
114067-01 HE.mrxs.label.jpeg,train,dmtx
114067-01 HE.mrxs.label_augmented.jpeg,train,dmtx
114067-01 HE.mrxs.label_rotated.jpeg,train,dmtx
101852-syn.mrxs.label.jpeg,train,1d
101852-syn.mrxs.label_augmented.jpeg,train,1d
101852-syn.mrxs.label_rotated.jpeg,train,1d
115152-01 bcl-6.mrxs.label.jpeg,train,dmtx
115152-01 bcl-6.mrxs.label_augmented.jpeg,train,dmtx
115152-01 bcl-6.mrxs.label_rotated.jpeg,train,dmtx
117416-01 Ki-67.mrxs.label.jpeg,train,dmtx
117416-01 Ki-67.mrxs.label_augmented.jpeg,train,dmtx
117416-01 Ki-67.mrxs.label_rotated.jpeg,train,dmtx
104028 CK8.mrxs.label.jpeg,train,1d
104028 CK8.mrxs.label_augmented.jpeg,train,1d
104028 CK8.mrxs.label_rotated.jpeg,train,1d
4.jpeg,train,dmtx
4_augmented.jpeg,train,dmtx
4_rotated.jpeg,train,dmtx
K00112488_003_CD 34.mrxs.label.jpeg.png,train,dmtx
K00112488_003_CD 34.mrxs.label.jpeg_augmented.png,train,dmtx
K00112488_003_CD 34.mrxs.label.jpeg_rotated.png,train,dmtx
103202-01 HE.mrxs.label.jpeg,train,1d
103202-01 HE.mrxs.label_augmented.jpeg,train,1d
103202-01 HE.mrxs.label_rotated.jpeg,train,1d
103715-03-HE_14.06.2017_16.30.48.mrxs.label.jpeg,train,1d
103715-03-HE_14.06.2017_16.30.48.mrxs.label_augmented.jpeg,train,1d
103715-03-HE_14.06.2017_16.30.48.mrxs.label_rotated.jpeg,train,1d
K00118861_001_19-1-2022_16-02-27.mrxs.label.jpeg.png,train,dmtx
K00118861_001_19-1-2022_16-02-27.mrxs.label.jpeg_augmented.png,train,dmtx
K00118861_001_19-1-2022_16-02-27.mrxs.label.jpeg_rotated.png,train,dmtx
119180-03 SYN.mrxs.label.jpeg,train,dmtx
119180-03 SYN.mrxs.label_augmented.jpeg,train,dmtx
119180-03 SYN.mrxs.label_rotated.jpeg,train,dmtx
102659-12 HE.mrxs.label.jpeg,train,1d
102659-12 HE.mrxs.label_augmented.jpeg,train,1d
102659-12 HE.mrxs.label_rotated.jpeg,train,1d
117416-01 bcl-6.mrxs.label.jpeg,train,dmtx
117416-01 bcl-6.mrxs.label_augmented.jpeg,train,dmtx
117416-01 bcl-6.mrxs.label_rotated.jpeg,train,dmtx
2TMA PR VEN.mrxs.label.jpeg,train,1d
2TMA PR VEN.mrxs.label_augmented.jpeg,train,1d
2TMA PR VEN.mrxs.label_rotated.jpeg,train,1d
102053-ki67.mrxs.label.jpeg,train,1d
102053-ki67.mrxs.label_augmented.jpeg,train,1d
102053-ki67.mrxs.label_rotated.jpeg,train,1d
anti- vimenti.svs.label.jpeg,train,1d
anti- vimenti.svs.label_augmented.jpeg,train,1d
anti- vimenti.svs.label_rotated.jpeg,train,1d
2TMA KI67x40 Ventana.mrxs.label - Copy.jpeg,train,1d
2TMA KI67x40 Ventana.mrxs.label - Copy_augmented.jpeg,train,1d
2TMA KI67x40 Ventana.mrxs.label - Copy_rotated.jpeg,train,1d
101864-01 PAX8.mrxs.label.jpeg,train,1d
101864-01 PAX8.mrxs.label_augmented.jpeg,train,1d
101864-01 PAX8.mrxs.label_rotated.jpeg,train,1d
B00408335_001_CD10.mrxs.label.jpeg,train,dmtx
B00408335_001_CD10.mrxs.label_augmented.jpeg,train,dmtx
B00408335_001_CD10.mrxs.label_rotated.jpeg,train,dmtx
115417-01 CD3.mrxs.label.jpeg,train,dmtx
115417-01 CD3.mrxs.label_augmented.jpeg,train,dmtx
115417-01 CD3.mrxs.label_rotated.jpeg,train,dmtx
K00114282_007_HE.mrxs.label.jpeg,train,dmtx
K00114282_007_HE.mrxs.label_augmented.jpeg,train,dmtx
K00114282_007_HE.mrxs.label_rotated.jpeg,train,dmtx
109966-01 HE.mrxs.label.jpeg,train,1d
109966-01 HE.mrxs.label_augmented.jpeg,train,1d
109966-01 HE.mrxs.label_rotated.jpeg,train,1d
1-1000 ZAP-70.mrxs.label.jpeg,train,1d
1-1000 ZAP-70.mrxs.label_augmented.jpeg,train,1d
1-1000 ZAP-70.mrxs.label_rotated.jpeg,train,1d
115417-01 HE.mrxs.label.jpeg,train,dmtx
115417-01 HE.mrxs.label_augmented.jpeg,train,dmtx
115417-01 HE.mrxs.label_rotated.jpeg,train,dmtx
14TMA KI67x40 Ventana.mrxs.label - Copy.jpeg,train,1d
14TMA KI67x40 Ventana.mrxs.label - Copy_augmented.jpeg,train,1d
14TMA KI67x40 Ventana.mrxs.label - Copy_rotated.jpeg,train,1d
110871-01 HE.mrxs.label.jpeg,train,1d
110871-01 HE.mrxs.label_augmented.jpeg,train,1d
110871-01 HE.mrxs.label_rotated.jpeg,train,1d
114779 HE.mrxs.label.jpeg,train,dmtx
114779 HE.mrxs.label_augmented.jpeg,train,dmtx
114779 HE.mrxs.label_rotated.jpeg,train,dmtx
115341-01 bcl-2.mrxs.label.jpeg,train,dmtx
115341-01 bcl-2.mrxs.label_augmented.jpeg,train,dmtx
115341-01 bcl-2.mrxs.label_rotated.jpeg,train,dmtx
115250-01 CD7.mrxs.label.jpeg,train,dmtx
115250-01 CD7.mrxs.label_augmented.jpeg,train,dmtx
115250-01 CD7.mrxs.label_rotated.jpeg,train,dmtx
105293-06 HE.mrxs.label.jpeg,train,1d
105293-06 HE.mrxs.label_augmented.jpeg,train,1d
105293-06 HE.mrxs.label_rotated.jpeg,train,1d
103431_02cd30.mrxs.label.jpeg,train,1d
103431_02cd30.mrxs.label_augmented.jpeg,train,1d
103431_02cd30.mrxs.label_rotated.jpeg,train,1d
114178_1_he.mrxs.label.jpeg,train,dmtx
114178_1_he.mrxs.label_augmented.jpeg,train,dmtx
114178_1_he.mrxs.label_rotated.jpeg,train,dmtx
114758-07 HE.mrxs.label.jpeg,train,dmtx
114758-07 HE.mrxs.label_augmented.jpeg,train,dmtx
114758-07 HE.mrxs.label_rotated.jpeg,train,dmtx
104372-01 HE.mrxs.label.jpeg,train,1d
104372-01 HE.mrxs.label_augmented.jpeg,train,1d
104372-01 HE.mrxs.label_rotated.jpeg,train,1d
K00117789_001_18-1-2022_17-19-52.mrxs.label.jpeg.png,train,dmtx
K00117789_001_18-1-2022_17-19-52.mrxs.label.jpeg_augmented.png,train,dmtx
K00117789_001_18-1-2022_17-19-52.mrxs.label.jpeg_rotated.png,train,dmtx
108106CD3.mrxs.label.jpeg,train,1d
108106CD3.mrxs.label_augmented.jpeg,train,1d
108106CD3.mrxs.label_rotated.jpeg,train,1d
110838-01 CD10.mrxs.label.jpeg,train,1d
110838-01 CD10.mrxs.label_augmented.jpeg,train,1d
110838-01 CD10.mrxs.label_rotated.jpeg,train,1d
101864-01 TGL.mrxs.label.jpeg,train,1d
101864-01 TGL.mrxs.label_augmented.jpeg,train,1d
101864-01 TGL.mrxs.label_rotated.jpeg,train,1d
310737ki67v.mrxs.label.jpeg,train,1d
310737ki67v.mrxs.label_augmented.jpeg,train,1d
310737ki67v.mrxs.label_rotated.jpeg,train,1d
117845-01 ING.mrxs.label.jpeg,train,dmtx
117845-01 ING.mrxs.label_augmented.jpeg,train,dmtx
117845-01 ING.mrxs.label_rotated.jpeg,train,dmtx
2TMA P53 VEN.mrxs.label - Copy.jpeg,train,1d
2TMA P53 VEN.mrxs.label - Copy_augmented.jpeg,train,1d
2TMA P53 VEN.mrxs.label - Copy_rotated.jpeg,train,1d
107782 c-myc.1.mrxs.label.jpeg,train,1d
107782 c-myc.1.mrxs.label_augmented.jpeg,train,1d
107782 c-myc.1.mrxs.label_rotated.jpeg,train,1d
312490 ki67.mrxs.label.jpeg,train,1d
312490 ki67.mrxs.label_augmented.jpeg,train,1d
312490 ki67.mrxs.label_rotated.jpeg,train,1d
O00390343_010HE.mrxs.label.jpeg.png,train,dmtx
O00390343_010HE.mrxs.label.jpeg_augmented.png,train,dmtx
O00390343_010HE.mrxs.label.jpeg_rotated.png,train,dmtx
114779 S100.mrxs.label.jpeg,train,dmtx
114779 S100.mrxs.label_augmented.jpeg,train,dmtx
114779 S100.mrxs.label_rotated.jpeg,train,dmtx
113583_1_HE.mrxs.label.jpeg,train,dmtx
113583_1_HE.mrxs.label_augmented.jpeg,train,dmtx
113583_1_HE.mrxs.label_rotated.jpeg,train,dmtx
110020-04 HE.mrxs.label.jpeg,train,1d
110020-04 HE.mrxs.label_augmented.jpeg,train,1d
110020-04 HE.mrxs.label_rotated.jpeg,train,1d
110072 HE.mrxs.label.jpeg,train,1d
110072 HE.mrxs.label_augmented.jpeg,train,1d
110072 HE.mrxs.label_rotated.jpeg,train,1d
B00381841_001_HE.mrxs.label.jpeg,train,dmtx
B00381841_001_HE.mrxs.label_augmented.jpeg,train,dmtx
B00381841_001_HE.mrxs.label_rotated.jpeg,train,dmtx
103715-03-HE.mrxs.label.jpeg,train,1d
103715-03-HE.mrxs.label_augmented.jpeg,train,1d
103715-03-HE.mrxs.label_rotated.jpeg,train,1d
102046-msk.mrxs.label.jpeg,train,1d
102046-msk.mrxs.label_augmented.jpeg,train,1d
102046-msk.mrxs.label_rotated.jpeg,train,1d
K00109281_07_HE.mrxs.label.jpeg,train,dmtx
K00109281_07_HE.mrxs.label_augmented.jpeg,train,dmtx
K00109281_07_HE.mrxs.label_rotated.jpeg,train,dmtx
118344-01 CDX2.mrxs.label.jpeg,train,dmtx
118344-01 CDX2.mrxs.label_augmented.jpeg,train,dmtx
118344-01 CDX2.mrxs.label_rotated.jpeg,train,dmtx
O00372241_007_HE.mrxs.label.jpeg,train,dmtx
O00372241_007_HE.mrxs.label_augmented.jpeg,train,dmtx
O00372241_007_HE.mrxs.label_rotated.jpeg,train,dmtx
10TMA PR VEN.mrxs.label - Copy.jpeg,train,1d
10TMA PR VEN.mrxs.label - Copy_augmented.jpeg,train,1d
10TMA PR VEN.mrxs.label - Copy_rotated.jpeg,train,1d
114758-08 HE.mrxs.label.jpeg,train,dmtx
114758-08 HE.mrxs.label_augmented.jpeg,train,dmtx
114758-08 HE.mrxs.label_rotated.jpeg,train,dmtx
114758-03 HE.mrxs.label.jpeg,train,dmtx
114758-03 HE.mrxs.label_augmented.jpeg,train,dmtx
114758-03 HE.mrxs.label_rotated.jpeg,train,dmtx
37.svs.label.jpeg,train,1d
37.svs.label_augmented.jpeg,train,1d
37.svs.label_rotated.jpeg,train,1d
118365-06 ER.mrxs.label.jpeg,train,dmtx
118365-06 ER.mrxs.label_augmented.jpeg,train,dmtx
118365-06 ER.mrxs.label_rotated.jpeg,train,dmtx
K00109281_09_HE.mrxs.label.jpeg,train,dmtx
K00109281_09_HE.mrxs.label_augmented.jpeg,train,dmtx
K00109281_09_HE.mrxs.label_rotated.jpeg,train,dmtx
109966-01 SMA.mrxs.label.jpeg,train,1d
109966-01 SMA.mrxs.label_augmented.jpeg,train,1d
109966-01 SMA.mrxs.label_rotated.jpeg,train,1d
110838-01 CD20.mrxs.label.jpeg,train,1d
110838-01 CD20.mrxs.label_augmented.jpeg,train,1d
110838-01 CD20.mrxs.label_rotated.jpeg,train,1d
103755-04 HE.mrxs.label.jpeg,train,1d
103755-04 HE.mrxs.label_augmented.jpeg,train,1d
103755-04 HE.mrxs.label_rotated.jpeg,train,1d
310179 Ki67.mrxs.label.jpeg,train,1d
310179 Ki67.mrxs.label_augmented.jpeg,train,1d
310179 Ki67.mrxs.label_rotated.jpeg,train,1d
104414-02 WT1.mrxs.label.jpeg,train,1d
104414-02 WT1.mrxs.label_augmented.jpeg,train,1d
104414-02 WT1.mrxs.label_rotated.jpeg,train,1d
118167-07 HE.mrxs.label.jpeg,train,dmtx
118167-07 HE.mrxs.label_augmented.jpeg,train,dmtx
118167-07 HE.mrxs.label_rotated.jpeg,train,dmtx
113265_1_HE.mrxs.label.jpeg,train,dmtx
113265_1_HE.mrxs.label_augmented.jpeg,train,dmtx
113265_1_HE.mrxs.label_rotated.jpeg,train,dmtx
103755-03 HE.mrxs.label.jpeg,train,1d
103755-03 HE.mrxs.label_augmented.jpeg,train,1d
103755-03 HE.mrxs.label_rotated.jpeg,train,1d
107782 Ki-67.mrxs.label.jpeg,train,1d
107782 Ki-67.mrxs.label_augmented.jpeg,train,1d
107782 Ki-67.mrxs.label_rotated.jpeg,train,1d
114779 GFAP.mrxs.label.jpeg,train,dmtx
114779 GFAP.mrxs.label_augmented.jpeg,train,dmtx
114779 GFAP.mrxs.label_rotated.jpeg,train,dmtx
115236-01 CD20.mrxs.label.jpeg,train,dmtx
115236-01 CD20.mrxs.label_augmented.jpeg,train,dmtx
115236-01 CD20.mrxs.label_rotated.jpeg,train,dmtx
102150-5-he.mrxs.label.jpeg,train,1d
102150-5-he.mrxs.label_augmented.jpeg,train,1d
102150-5-he.mrxs.label_rotated.jpeg,train,1d
101765-01 WT1.mrxs.label.jpeg,train,1d
101765-01 WT1.mrxs.label_augmented.jpeg,train,1d
101765-01 WT1.mrxs.label_rotated.jpeg,train,1d
K00115940_001_25-2-2022_09-30-22.mrxs.label.jpeg.png,train,dmtx
K00115940_001_25-2-2022_09-30-22.mrxs.label.jpeg_augmented.png,train,dmtx
K00115940_001_25-2-2022_09-30-22.mrxs.label.jpeg_rotated.png,train,dmtx
102340-07 HE.mrxs.label.jpeg,train,1d
102340-07 HE.mrxs.label_augmented.jpeg,train,1d
102340-07 HE.mrxs.label_rotated.jpeg,train,1d
343270-01 HER2.mrxs.label.jpeg,train,1d
343270-01 HER2.mrxs.label_augmented.jpeg,train,1d
343270-01 HER2.mrxs.label_rotated.jpeg,train,1d
K00113176_013_CDX-2.mrxs.label.jpeg,train,dmtx
K00113176_013_CDX-2.mrxs.label_augmented.jpeg,train,dmtx
K00113176_013_CDX-2.mrxs.label_rotated.jpeg,train,dmtx
111601 GranB.mrxs.label.jpeg,train,1d
111601 GranB.mrxs.label_augmented.jpeg,train,1d
111601 GranB.mrxs.label_rotated.jpeg,train,1d
335133 Ki67.mrxs.label.jpeg,train,1d
335133 Ki67.mrxs.label_augmented.jpeg,train,1d
335133 Ki67.mrxs.label_rotated.jpeg,train,1d
B00381203_001_HE.mrxs.label.jpeg,train,dmtx
B00381203_001_HE.mrxs.label_augmented.jpeg,train,dmtx
B00381203_001_HE.mrxs.label_rotated.jpeg,train,dmtx
5125-2022-08-05 08.48.04.ndpi.label.jpeg.png,train,dmtx
5125-2022-08-05 08.48.04.ndpi.label.jpeg_augmented.png,train,dmtx
5125-2022-08-05 08.48.04.ndpi.label.jpeg_rotated.png,train,dmtx
117416-01 CD5.mrxs.label.jpeg,train,dmtx
117416-01 CD5.mrxs.label_augmented.jpeg,train,dmtx
117416-01 CD5.mrxs.label_rotated.jpeg,train,dmtx
102150-3-he.mrxs.label.jpeg,train,1d
102150-3-he.mrxs.label_augmented.jpeg,train,1d
102150-3-he.mrxs.label_rotated.jpeg,train,1d
101852-mck.mrxs.label.jpeg,train,1d
101852-mck.mrxs.label_augmented.jpeg,train,1d
101852-mck.mrxs.label_rotated.jpeg,train,1d
115417-01 CD10.mrxs.label.jpeg,train,dmtx
115417-01 CD10.mrxs.label_augmented.jpeg,train,dmtx
115417-01 CD10.mrxs.label_rotated.jpeg,train,dmtx
335118 HER2.mrxs.label.jpeg,train,1d
335118 HER2.mrxs.label_augmented.jpeg,train,1d
335118 HER2.mrxs.label_rotated.jpeg,train,1d
118430-01 Ki-67.mrxs.label.jpeg,train,dmtx
118430-01 Ki-67.mrxs.label_augmented.jpeg,train,dmtx
118430-01 Ki-67.mrxs.label_rotated.jpeg,train,dmtx
110838-05 HE.mrxs.label.jpeg,train,1d
110838-05 HE.mrxs.label_augmented.jpeg,train,1d
110838-05 HE.mrxs.label_rotated.jpeg,train,1d
117845-01 ER.mrxs.label.jpeg,train,dmtx
117845-01 ER.mrxs.label_augmented.jpeg,train,dmtx
117845-01 ER.mrxs.label_rotated.jpeg,train,dmtx
114866-05 HE.mrxs.label.jpeg,train,dmtx
114866-05 HE.mrxs.label_augmented.jpeg,train,dmtx
114866-05 HE.mrxs.label_rotated.jpeg,train,dmtx
101257 CD8.mrxs.label.jpeg,train,1d
101257 CD8.mrxs.label_augmented.jpeg,train,1d
101257 CD8.mrxs.label_rotated.jpeg,train,1d
116334-01 HE.mrxs.label.jpeg,train,dmtx
116334-01 HE.mrxs.label_augmented.jpeg,train,dmtx
116334-01 HE.mrxs.label_rotated.jpeg,train,dmtx
102046-s100.mrxs.label.jpeg,train,1d
102046-s100.mrxs.label_augmented.jpeg,train,1d
102046-s100.mrxs.label_rotated.jpeg,train,1d
anti-cd10.svs.label.jpeg,train,1d
anti-cd10.svs.label_augmented.jpeg,train,1d
anti-cd10.svs.label_rotated.jpeg,train,1d
115215-01 PAX5.mrxs.label.jpeg,train,dmtx
115215-01 PAX5.mrxs.label_augmented.jpeg,train,dmtx
115215-01 PAX5.mrxs.label_rotated.jpeg,train,dmtx
109966-01 S-100.mrxs.label.jpeg,train,1d
109966-01 S-100.mrxs.label_augmented.jpeg,train,1d
109966-01 S-100.mrxs.label_rotated.jpeg,train,1d
117892-01 HE.mrxs.label.jpeg,train,dmtx
117892-01 HE.mrxs.label_augmented.jpeg,train,dmtx
117892-01 HE.mrxs.label_rotated.jpeg,train,dmtx
114870-01 caldesm.mrxs.label.jpeg,train,dmtx
114870-01 caldesm.mrxs.label_augmented.jpeg,train,dmtx
114870-01 caldesm.mrxs.label_rotated.jpeg,train,dmtx
115417-01 CD5.mrxs.label.jpeg,train,dmtx
115417-01 CD5.mrxs.label_augmented.jpeg,train,dmtx
115417-01 CD5.mrxs.label_rotated.jpeg,train,dmtx
113578_1_HE.mrxs.label.jpeg,train,dmtx
113578_1_HE.mrxs.label_augmented.jpeg,train,dmtx
113578_1_HE.mrxs.label_rotated.jpeg,train,dmtx
104028 p40.mrxs.label.jpeg,train,1d
104028 p40.mrxs.label_augmented.jpeg,train,1d
104028 p40.mrxs.label_rotated.jpeg,train,1d
103715-03-bcl2.mrxs.label.jpeg,train,1d
103715-03-bcl2.mrxs.label_augmented.jpeg,train,1d
103715-03-bcl2.mrxs.label_rotated.jpeg,train,1d
K00124650_001_HER-2.mrxs.label.jpeg.png,train,dmtx
K00124650_001_HER-2.mrxs.label.jpeg_augmented.png,train,dmtx
K00124650_001_HER-2.mrxs.label.jpeg_rotated.png,train,dmtx
109966-01 Ki-67.mrxs.label.jpeg,train,1d
109966-01 Ki-67.mrxs.label_augmented.jpeg,train,1d
109966-01 Ki-67.mrxs.label_rotated.jpeg,train,1d
113451-01 HE.mrxs.label.jpeg,train,dmtx
113451-01 HE.mrxs.label_augmented.jpeg,train,dmtx
113451-01 HE.mrxs.label_rotated.jpeg,train,dmtx
108106-01 HE 1.mrxs.label.jpeg,train,1d
108106-01 HE 1.mrxs.label_augmented.jpeg,train,1d
108106-01 HE 1.mrxs.label_rotated.jpeg,train,1d
114179_1_pd_l1.mrxs.label.jpeg,train,dmtx
114179_1_pd_l1.mrxs.label_augmented.jpeg,train,dmtx
114179_1_pd_l1.mrxs.label_rotated.jpeg,train,dmtx
101322-01 HE.mrxs.label.jpeg,train,1d
101322-01 HE.mrxs.label_augmented.jpeg,train,1d
101322-01 HE.mrxs.label_rotated.jpeg,train,1d
33006 345204 p16.mrxs.label.jpeg,train,1d
33006 345204 p16.mrxs.label_augmented.jpeg,train,1d
33006 345204 p16.mrxs.label_rotated.jpeg,train,1d
114180_1_pd_l1.mrxs.label.jpeg,train,dmtx
114180_1_pd_l1.mrxs.label_augmented.jpeg,train,dmtx
114180_1_pd_l1.mrxs.label_rotated.jpeg,train,dmtx
101765-01 PAX8.mrxs.label.jpeg,train,1d
101765-01 PAX8.mrxs.label_augmented.jpeg,train,1d
101765-01 PAX8.mrxs.label_rotated.jpeg,train,1d
107782 c-myc.mrxs.label.jpeg,train,1d
107782 c-myc.mrxs.label_augmented.jpeg,train,1d
107782 c-myc.mrxs.label_rotated.jpeg,train,1d
102053-s100.mrxs.label.jpeg,train,1d
102053-s100.mrxs.label_augmented.jpeg,train,1d
102053-s100.mrxs.label_rotated.jpeg,train,1d
117845-01 HE.mrxs.label.jpeg,train,dmtx
117845-01 HE.mrxs.label_augmented.jpeg,train,dmtx
117845-01 HE.mrxs.label_rotated.jpeg,train,dmtx
O00371804_024_HE.mrxs.label.jpeg,train,dmtx
O00371804_024_HE.mrxs.label_augmented.jpeg,train,dmtx
O00371804_024_HE.mrxs.label_rotated.jpeg,train,dmtx
O00371804_027_HE.mrxs.label.jpeg,train,dmtx
O00371804_027_HE.mrxs.label_augmented.jpeg,train,dmtx
O00371804_027_HE.mrxs.label_rotated.jpeg,train,dmtx
mart-melan.svs.label.jpeg,train,1d
mart-melan.svs.label_augmented.jpeg,train,1d
mart-melan.svs.label_rotated.jpeg,train,1d
107198_02_sma.mrxs.label.jpeg,train,1d
107198_02_sma.mrxs.label_augmented.jpeg,train,1d
107198_02_sma.mrxs.label_rotated.jpeg,train,1d
102157 Fas.mrxs.label.jpeg,train,dmtx
102157 Fas.mrxs.label_augmented.jpeg,train,dmtx
102157 Fas.mrxs.label_rotated.jpeg,train,dmtx
113718-05 HE.mrxs.label.jpeg,train,dmtx
113718-05 HE.mrxs.label_augmented.jpeg,train,dmtx
113718-05 HE.mrxs.label_rotated.jpeg,train,dmtx
103849 CEAm.mrxs.label.jpeg,train,1d
103849 CEAm.mrxs.label_augmented.jpeg,train,1d
103849 CEAm.mrxs.label_rotated.jpeg,train,1d
102659-11 HE.mrxs.label.jpeg,train,1d
102659-11 HE.mrxs.label_augmented.jpeg,train,1d
102659-11 HE.mrxs.label_rotated.jpeg,train,1d
O00371805_12_HE.mrxs.label.jpeg,train,dmtx
O00371805_12_HE.mrxs.label_augmented.jpeg,train,dmtx
O00371805_12_HE.mrxs.label_rotated.jpeg,train,dmtx
1115925_1_he.mrxs.label.jpeg,train,dmtx
1115925_1_he.mrxs.label_augmented.jpeg,train,dmtx
1115925_1_he.mrxs.label_rotated.jpeg,train,dmtx
103431_02ema.mrxs.label.jpeg,train,1d
103431_02ema.mrxs.label_augmented.jpeg,train,1d
103431_02ema.mrxs.label_rotated.jpeg,train,1d
114067-03 HE.mrxs.label - Copy.jpeg,train,dmtx
114067-03 HE.mrxs.label - Copy_augmented.jpeg,train,dmtx
114067-03 HE.mrxs.label - Copy_rotated.jpeg,train,dmtx
118365-03 HE.mrxs.label.jpeg,train,dmtx
118365-03 HE.mrxs.label_augmented.jpeg,train,dmtx
118365-03 HE.mrxs.label_rotated.jpeg,train,dmtx
107782 bcl-6.mrxs.label.jpeg,train,1d
107782 bcl-6.mrxs.label_augmented.jpeg,train,1d
107782 bcl-6.mrxs.label_rotated.jpeg,train,1d
104471 Ki-67.mrxs.label.jpeg,train,1d
104471 Ki-67.mrxs.label_augmented.jpeg,train,1d
104471 Ki-67.mrxs.label_rotated.jpeg,train,1d
102053-he18.mrxs.label.jpeg,train,1d
102053-he18.mrxs.label_augmented.jpeg,train,1d
102053-he18.mrxs.label_rotated.jpeg,train,1d
104028 TTF1.mrxs.label.jpeg,train,1d
104028 TTF1.mrxs.label_augmented.jpeg,train,1d
104028 TTF1.mrxs.label_rotated.jpeg,train,1d
108106 PAX-5.mrxs.label.jpeg,train,1d
108106 PAX-5.mrxs.label_augmented.jpeg,train,1d
108106 PAX-5.mrxs.label_rotated.jpeg,train,1d
103683-03 Muc5.mrxs.label.jpeg,train,1d
103683-03 Muc5.mrxs.label_augmented.jpeg,train,1d
103683-03 Muc5.mrxs.label_rotated.jpeg,train,1d
101852-he.mrxs.label.jpeg,train,1d
101852-he.mrxs.label_augmented.jpeg,train,1d
101852-he.mrxs.label_rotated.jpeg,train,1d
5125-08-05 08.31.17.ndpi.label.jpeg.png,train,dmtx
5125-08-05 08.31.17.ndpi.label.jpeg_augmented.png,train,dmtx
5125-08-05 08.31.17.ndpi.label.jpeg_rotated.png,train,dmtx
102340-01 HE.mrxs.label.jpeg,train,1d
102340-01 HE.mrxs.label_augmented.jpeg,train,1d
102340-01 HE.mrxs.label_rotated.jpeg,train,1d
O00357818_03_HER-2.mrxs.label.jpeg.png,train,dmtx
O00357818_03_HER-2.mrxs.label.jpeg_augmented.png,train,dmtx
O00357818_03_HER-2.mrxs.label.jpeg_rotated.png,train,dmtx
K00107746_01_13-1-2022_15-24-37.mrxs.label.jpeg.png,train,dmtx
K00107746_01_13-1-2022_15-24-37.mrxs.label.jpeg_augmented.png,train,dmtx
K00107746_01_13-1-2022_15-24-37.mrxs.label.jpeg_rotated.png,train,dmtx
101852-mum1.mrxs.label.jpeg,train,1d
101852-mum1.mrxs.label_augmented.jpeg,train,1d
101852-mum1.mrxs.label_rotated.jpeg,train,1d
118285-01 ICOS.mrxs.label.jpeg,train,dmtx
118285-01 ICOS.mrxs.label_augmented.jpeg,train,dmtx
118285-01 ICOS.mrxs.label_rotated.jpeg,train,dmtx
29.svs.label.jpeg,train,1d
29.svs.label_augmented.jpeg,train,1d
29.svs.label_rotated.jpeg,train,1d
K00109281_06_p 16.mrxs.label.jpeg,train,dmtx
K00109281_06_p 16.mrxs.label_augmented.jpeg,train,dmtx
K00109281_06_p 16.mrxs.label_rotated.jpeg,train,dmtx
104146_er.mrxs.label.jpeg,train,1d
104146_er.mrxs.label_augmented.jpeg,train,1d
104146_er.mrxs.label_rotated.jpeg,train,1d
103849 CK20.mrxs.label.jpeg,train,1d
103849 CK20.mrxs.label_augmented.jpeg,train,1d
103849 CK20.mrxs.label_rotated.jpeg,train,1d
118491-01 bcl-6.mrxs.label.jpeg,train,dmtx
118491-01 bcl-6.mrxs.label_augmented.jpeg,train,dmtx
118491-01 bcl-6.mrxs.label_rotated.jpeg,train,dmtx
107198_02_pax8.mrxs.label.jpeg,train,1d
107198_02_pax8.mrxs.label_augmented.jpeg,train,1d
107198_02_pax8.mrxs.label_rotated.jpeg,train,1d
115417-01 CD23.mrxs.label.jpeg,train,dmtx
115417-01 CD23.mrxs.label_augmented.jpeg,train,dmtx
115417-01 CD23.mrxs.label_rotated.jpeg,train,dmtx
103202 CK20.mrxs.label.jpeg,train,1d
103202 CK20.mrxs.label_augmented.jpeg,train,1d
103202 CK20.mrxs.label_rotated.jpeg,train,1d
anti-ema.svs.label.jpeg,train,1d
anti-ema.svs.label_augmented.jpeg,train,1d
anti-ema.svs.label_rotated.jpeg,train,1d
310896 ki67.mrxs.label.jpeg,train,1d
310896 ki67.mrxs.label_augmented.jpeg,train,1d
310896 ki67.mrxs.label_rotated.jpeg,train,1d
102157 Vim.mrxs.label.jpeg,train,dmtx
102157 Vim.mrxs.label_augmented.jpeg,train,dmtx
102157 Vim.mrxs.label_rotated.jpeg,train,dmtx
118914-01 bcl-2.mrxs.label.jpeg,train,dmtx
118914-01 bcl-2.mrxs.label_augmented.jpeg,train,dmtx
118914-01 bcl-2.mrxs.label_rotated.jpeg,train,dmtx
104028-01 HE.mrxs.label.jpeg,train,1d
104028-01 HE.mrxs.label_augmented.jpeg,train,1d
104028-01 HE.mrxs.label_rotated.jpeg,train,1d
O00357524_19_HE.mrxs.label.jpeg,train,dmtx
O00357524_19_HE.mrxs.label_augmented.jpeg,train,dmtx
O00357524_19_HE.mrxs.label_rotated.jpeg,train,dmtx
104332 he.mrxs.label.jpeg,train,1d
104332 he.mrxs.label_augmented.jpeg,train,1d
104332 he.mrxs.label_rotated.jpeg,train,1d
310896KI67.mrxs.label.jpeg,train,1d
310896KI67.mrxs.label_augmented.jpeg,train,1d
310896KI67.mrxs.label_rotated.jpeg,train,1d
108106 CD45.mrxs.label.jpeg,train,1d
108106 CD45.mrxs.label_augmented.jpeg,train,1d
108106 CD45.mrxs.label_rotated.jpeg,train,1d
334285 ER.mrxs.label.jpeg,train,1d
334285 ER.mrxs.label_augmented.jpeg,train,1d
334285 ER.mrxs.label_rotated.jpeg,train,1d
113392-01 CD5.mrxs.label.jpeg,train,dmtx
113392-01 CD5.mrxs.label_augmented.jpeg,train,dmtx
113392-01 CD5.mrxs.label_rotated.jpeg,train,dmtx
K00118743_001PDL1 22C3_19-1-2022_11-00-44.mrxs.label.jpeg,train,dmtx
K00118743_001PDL1 22C3_19-1-2022_11-00-44.mrxs.label_augmented.jpeg,train,dmtx
K00118743_001PDL1 22C3_19-1-2022_11-00-44.mrxs.label_rotated.jpeg,train,dmtx
102340-08 HE.mrxs.label.jpeg,train,1d
102340-08 HE.mrxs.label_augmented.jpeg,train,1d
102340-08 HE.mrxs.label_rotated.jpeg,train,1d
103849 ER.mrxs.label.jpeg,train,1d
103849 ER.mrxs.label_augmented.jpeg,train,1d
103849 ER.mrxs.label_rotated.jpeg,train,1d
28661PgR.mrxs.label.jpeg,train,1d
28661PgR.mrxs.label_augmented.jpeg,train,1d
28661PgR.mrxs.label_rotated.jpeg,train,1d
113392-01 c-myc.mrxs.label.jpeg,train,dmtx
113392-01 c-myc.mrxs.label_augmented.jpeg,train,dmtx
113392-01 c-myc.mrxs.label_rotated.jpeg,train,dmtx
101864-01 WT1.mrxs.label.jpeg,train,1d
101864-01 WT1.mrxs.label_augmented.jpeg,train,1d
101864-01 WT1.mrxs.label_rotated.jpeg,train,1d
O00369423_015_HE.mrxs.label.jpeg,train,dmtx
O00369423_015_HE.mrxs.label_augmented.jpeg,train,dmtx
O00369423_015_HE.mrxs.label_rotated.jpeg,train,dmtx
5125-2022-08-05 08.44.05.ndpi.label.jpeg.png,train,dmtx
5125-2022-08-05 08.44.05.ndpi.label.jpeg_augmented.png,train,dmtx
5125-2022-08-05 08.44.05.ndpi.label.jpeg_rotated.png,train,dmtx
113581_1_HE.mrxs.label.jpeg,train,dmtx
113581_1_HE.mrxs.label_augmented.jpeg,train,dmtx
113581_1_HE.mrxs.label_rotated.jpeg,train,dmtx
102157 ki67.mrxs.label.jpeg,train,dmtx
102157 ki67.mrxs.label_augmented.jpeg,train,dmtx
102157 ki67.mrxs.label_rotated.jpeg,train,dmtx
B00382432_022_HE.mrxs.label.jpeg,train,dmtx
B00382432_022_HE.mrxs.label_augmented.jpeg,train,dmtx
B00382432_022_HE.mrxs.label_rotated.jpeg,train,dmtx
104332 HER2.mrxs.label.jpeg,train,1d
104332 HER2.mrxs.label_augmented.jpeg,train,1d
104332 HER2.mrxs.label_rotated.jpeg,train,1d
K00107866_01 HE.mrxs.label.jpeg,train,dmtx
K00107866_01 HE.mrxs.label_augmented.jpeg,train,dmtx
K00107866_01 HE.mrxs.label_rotated.jpeg,train,dmtx
102659-08 HE.mrxs.label.jpeg,train,1d
102659-08 HE.mrxs.label_augmented.jpeg,train,1d
102659-08 HE.mrxs.label_rotated.jpeg,train,1d
B00408433_001_HE_11-2-2021_09-00-12.mrxs.label.jpeg,train,dmtx
B00408433_001_HE_11-2-2021_09-00-12.mrxs.label_augmented.jpeg,train,dmtx
B00408433_001_HE_11-2-2021_09-00-12.mrxs.label_rotated.jpeg,train,dmtx
101765 p16.mrxs.label.jpeg,train,1d
101765 p16.mrxs.label_augmented.jpeg,train,1d
101765 p16.mrxs.label_rotated.jpeg,train,1d
1-250 DIL-DAK  PD-L1.mrxs.label.jpeg,train,1d
1-250 DIL-DAK  PD-L1.mrxs.label_augmented.jpeg,train,1d
1-250 DIL-DAK  PD-L1.mrxs.label_rotated.jpeg,train,1d
003262ER.mrxs.label.jpeg,train,1d
003262ER.mrxs.label_augmented.jpeg,train,1d
003262ER.mrxs.label_rotated.jpeg,train,1d
115250-01 CD2.mrxs.label.jpeg,train,dmtx
115250-01 CD2.mrxs.label_augmented.jpeg,train,dmtx
115250-01 CD2.mrxs.label_rotated.jpeg,train,dmtx
101257 AR.mrxs.label.jpeg,train,1d
101257 AR.mrxs.label_augmented.jpeg,train,1d
101257 AR.mrxs.label_rotated.jpeg,train,1d
K00132802_20-003.svs.label.jpeg,train,1d
K00132802_20-003.svs.label_augmented.jpeg,train,1d
K00132802_20-003.svs.label_rotated.jpeg,train,1d
5125-2022-08-05 08.53.19.ndpi.label.jpeg.png,train,dmtx
5125-2022-08-05 08.53.19.ndpi.label.jpeg_augmented.png,train,dmtx
5125-2022-08-05 08.53.19.ndpi.label.jpeg_rotated.png,train,dmtx
102046-he3.mrxs.label.jpeg,train,1d
102046-he3.mrxs.label_augmented.jpeg,train,1d
102046-he3.mrxs.label_rotated.jpeg,train,1d
K00107866_01.mrxs.label.jpeg,train,dmtx
K00107866_01.mrxs.label_augmented.jpeg,train,dmtx
K00107866_01.mrxs.label_rotated.jpeg,train,dmtx
113392-01 CD3.mrxs.label.jpeg,train,dmtx
113392-01 CD3.mrxs.label_augmented.jpeg,train,dmtx
113392-01 CD3.mrxs.label_rotated.jpeg,train,dmtx
102731-02 CD15.mrxs.label.jpeg,train,1d
102731-02 CD15.mrxs.label_augmented.jpeg,train,1d
102731-02 CD15.mrxs.label_rotated.jpeg,train,1d
103202 P53.mrxs.label.jpeg,train,1d
103202 P53.mrxs.label_augmented.jpeg,train,1d
103202 P53.mrxs.label_rotated.jpeg,train,1d
O00373180_027_WT 1.mrxs.label.jpeg.png,train,dmtx
O00373180_027_WT 1.mrxs.label.jpeg_augmented.png,train,dmtx
O00373180_027_WT 1.mrxs.label.jpeg_rotated.png,train,dmtx
343331 PD-L1.mrxs.label.jpeg,train,1d
343331 PD-L1.mrxs.label_augmented.jpeg,train,1d
343331 PD-L1.mrxs.label_rotated.jpeg,train,1d
103202-01 p53.mrxs.label.jpeg,train,1d
103202-01 p53.mrxs.label_augmented.jpeg,train,1d
103202-01 p53.mrxs.label_rotated.jpeg,train,1d
5125-2022-08-05 08.52.07.ndpi.label.jpeg.png,train,dmtx
5125-2022-08-05 08.52.07.ndpi.label.jpeg_augmented.png,train,dmtx
5125-2022-08-05 08.52.07.ndpi.label.jpeg_rotated.png,train,dmtx
110040-3 HE.mrxs.label.jpeg,train,1d
110040-3 HE.mrxs.label_augmented.jpeg,train,1d
110040-3 HE.mrxs.label_rotated.jpeg,train,1d
102731-02 OCT2.mrxs.label.jpeg,train,1d
102731-02 OCT2.mrxs.label_augmented.jpeg,train,1d
102731-02 OCT2.mrxs.label_rotated.jpeg,train,1d
114122_1_he.mrxs.label.jpeg,train,dmtx
114122_1_he.mrxs.label_augmented.jpeg,train,dmtx
114122_1_he.mrxs.label_rotated.jpeg,train,dmtx
104414 CK7.mrxs.label.jpeg,train,1d
104414 CK7.mrxs.label_augmented.jpeg,train,1d
104414 CK7.mrxs.label_rotated.jpeg,train,1d
101963-cd34.mrxs.label.jpeg,train,1d
101963-cd34.mrxs.label_augmented.jpeg,train,1d
101963-cd34.mrxs.label_rotated.jpeg,train,1d
102731-02 HE.mrxs.label.jpeg,train,1d
102731-02 HE.mrxs.label_augmented.jpeg,train,1d
102731-02 HE.mrxs.label_rotated.jpeg,train,1d
117416-01 CD3.mrxs.label.jpeg,train,dmtx
117416-01 CD3.mrxs.label_augmented.jpeg,train,dmtx
117416-01 CD3.mrxs.label_rotated.jpeg,train,dmtx
110974-02 HE.mrxs.label.jpeg,train,1d
110974-02 HE.mrxs.label_augmented.jpeg,train,1d
110974-02 HE.mrxs.label_rotated.jpeg,train,1d
117416-01 CD10.mrxs.label.jpeg,train,dmtx
117416-01 CD10.mrxs.label_augmented.jpeg,train,dmtx
117416-01 CD10.mrxs.label_rotated.jpeg,train,dmtx
102731 CD3.mrxs.label.jpeg,train,1d
102731 CD3.mrxs.label_augmented.jpeg,train,1d
102731 CD3.mrxs.label_rotated.jpeg,train,1d
114758-10 HE.mrxs.label.jpeg,train,dmtx
114758-10 HE.mrxs.label_augmented.jpeg,train,dmtx
114758-10 HE.mrxs.label_rotated.jpeg,train,dmtx
105845 CD4.mrxs.label.jpeg,train,1d
105845 CD4.mrxs.label_augmented.jpeg,train,1d
105845 CD4.mrxs.label_rotated.jpeg,train,1d
O00371805_14_HE.mrxs.label.jpeg,train,dmtx
O00371805_14_HE.mrxs.label_augmented.jpeg,train,dmtx
O00371805_14_HE.mrxs.label_rotated.jpeg,train,dmtx
O00420080_015_Ki-67.mrxs.label.jpeg.png,train,dmtx
O00420080_015_Ki-67.mrxs.label.jpeg_augmented.png,train,dmtx
O00420080_015_Ki-67.mrxs.label.jpeg_rotated.png,train,dmtx
113771_1_HE.mrxs.label.jpeg,train,dmtx
113771_1_HE.mrxs.label_augmented.jpeg,train,dmtx
113771_1_HE.mrxs.label_rotated.jpeg,train,dmtx
110926-01 desm.mrxs.label.jpeg,train,1d
110926-01 desm.mrxs.label_augmented.jpeg,train,1d
110926-01 desm.mrxs.label_rotated.jpeg,train,1d
110838-06 HE.mrxs.label.jpeg,train,1d
110838-06 HE.mrxs.label_augmented.jpeg,train,1d
110838-06 HE.mrxs.label_rotated.jpeg,train,1d
102659-10 HE.mrxs.label.jpeg,train,1d
102659-10 HE.mrxs.label_augmented.jpeg,train,1d
102659-10 HE.mrxs.label_rotated.jpeg,train,1d
110518 HE.mrxs.label.jpeg,train,1d
110518 HE.mrxs.label_augmented.jpeg,train,1d
110518 HE.mrxs.label_rotated.jpeg,train,1d
B00384218_001HE_15-3-2022_12-47-10.mrxs.label.jpeg,train,dmtx
B00384218_001HE_15-3-2022_12-47-10.mrxs.label_augmented.jpeg,train,dmtx
B00384218_001HE_15-3-2022_12-47-10.mrxs.label_rotated.jpeg,train,dmtx
10TMA KI67x40 Ventana.mrxs.label.jpeg,train,1d
10TMA KI67x40 Ventana.mrxs.label_augmented.jpeg,train,1d
10TMA KI67x40 Ventana.mrxs.label_rotated.jpeg,train,1d
114122_1_he.mrxs.label - Copy.jpeg,train,dmtx
114122_1_he.mrxs.label - Copy_augmented.jpeg,train,dmtx
114122_1_he.mrxs.label - Copy_rotated.jpeg,train,dmtx
109996 HE.mrxs.label.jpeg,train,1d
109996 HE.mrxs.label_augmented.jpeg,train,1d
109996 HE.mrxs.label_rotated.jpeg,train,1d
5.jpeg,train,dmtx
5_augmented.jpeg,train,dmtx
5_rotated.jpeg,train,dmtx
109966-01 Myf4.mrxs.label.jpeg,train,1d
109966-01 Myf4.mrxs.label_augmented.jpeg,train,1d
109966-01 Myf4.mrxs.label_rotated.jpeg,train,1d
313070 ki67.mrxs.label.jpeg,train,1d
313070 ki67.mrxs.label_augmented.jpeg,train,1d
313070 ki67.mrxs.label_rotated.jpeg,train,1d
113392-01 CD20.mrxs.label.jpeg,train,dmtx
113392-01 CD20.mrxs.label_augmented.jpeg,train,dmtx
113392-01 CD20.mrxs.label_rotated.jpeg,train,dmtx
102659-13 HE.mrxs.label.jpeg,train,1d
102659-13 HE.mrxs.label_augmented.jpeg,train,1d
102659-13 HE.mrxs.label_rotated.jpeg,train,1d
113770_1_HE.mrxs.label.jpeg,train,dmtx
113770_1_HE.mrxs.label_augmented.jpeg,train,dmtx
113770_1_HE.mrxs.label_rotated.jpeg,train,dmtx
116334-01 Ki-67.mrxs.label.jpeg,train,dmtx
116334-01 Ki-67.mrxs.label_augmented.jpeg,train,dmtx
116334-01 Ki-67.mrxs.label_rotated.jpeg,train,dmtx
102157 CD20.mrxs.label.jpeg,train,dmtx
102157 CD20.mrxs.label_augmented.jpeg,train,dmtx
102157 CD20.mrxs.label_rotated.jpeg,train,dmtx
109966-01 MyoD1.mrxs.label.jpeg,train,1d
109966-01 MyoD1.mrxs.label_augmented.jpeg,train,1d
109966-01 MyoD1.mrxs.label_rotated.jpeg,train,1d
102724-02 HE.mrxs.label.jpeg,train,1d
102724-02 HE.mrxs.label_augmented.jpeg,train,1d
102724-02 HE.mrxs.label_rotated.jpeg,train,1d
118866-01 PAX5.mrxs.label.jpeg,train,dmtx
118866-01 PAX5.mrxs.label_augmented.jpeg,train,dmtx
118866-01 PAX5.mrxs.label_rotated.jpeg,train,dmtx
104414-02 HE.mrxs.label.jpeg,train,1d
104414-02 HE.mrxs.label_augmented.jpeg,train,1d
104414-02 HE.mrxs.label_rotated.jpeg,train,1d
113771_1_HE.mrxs.label - Copy.jpeg,train,dmtx
113771_1_HE.mrxs.label - Copy_augmented.jpeg,train,dmtx
113771_1_HE.mrxs.label - Copy_rotated.jpeg,train,dmtx
110029 HE.mrxs.label.jpeg,train,1d
110029 HE.mrxs.label_augmented.jpeg,train,1d
110029 HE.mrxs.label_rotated.jpeg,train,1d
103431_02cd3.mrxs.label.jpeg,train,1d
103431_02cd3.mrxs.label_augmented.jpeg,train,1d
103431_02cd3.mrxs.label_rotated.jpeg,train,1d
O00371805_03_HE.mrxs.label.jpeg,train,dmtx
O00371805_03_HE.mrxs.label_augmented.jpeg,train,dmtx
O00371805_03_HE.mrxs.label_rotated.jpeg,train,dmtx
102046-he4.mrxs.label.jpeg,train,1d
102046-he4.mrxs.label_augmented.jpeg,train,1d
102046-he4.mrxs.label_rotated.jpeg,train,1d
K00119903_001_15-2-2022_16-45-40.mrxs.label.jpeg.png,train,dmtx
K00119903_001_15-2-2022_16-45-40.mrxs.label.jpeg_augmented.png,train,dmtx
K00119903_001_15-2-2022_16-45-40.mrxs.label.jpeg_rotated.png,train,dmtx
115236-01 CD23.mrxs.label.jpeg,train,dmtx
115236-01 CD23.mrxs.label_augmented.jpeg,train,dmtx
115236-01 CD23.mrxs.label_rotated.jpeg,train,dmtx
anti-ki-67.svs.label.jpeg,train,1d
anti-ki-67.svs.label_augmented.jpeg,train,1d
anti-ki-67.svs.label_rotated.jpeg,train,1d
10732CDX2.mrxs.label.jpeg,train,1d
10732CDX2.mrxs.label_augmented.jpeg,train,1d
10732CDX2.mrxs.label_rotated.jpeg,train,1d
102340-02 HE.mrxs.label.jpeg,train,1d
102340-02 HE.mrxs.label_augmented.jpeg,train,1d
102340-02 HE.mrxs.label_rotated.jpeg,train,1d
102731-02 CD20.mrxs.label.jpeg,train,1d
102731-02 CD20.mrxs.label_augmented.jpeg,train,1d
102731-02 CD20.mrxs.label_rotated.jpeg,train,1d
101133 CD3.mrxs.label.jpeg,train,1d
101133 CD3.mrxs.label_augmented.jpeg,train,1d
101133 CD3.mrxs.label_rotated.jpeg,train,1d
109966-01 MSA.mrxs.label.jpeg,train,1d
109966-01 MSA.mrxs.label_augmented.jpeg,train,1d
109966-01 MSA.mrxs.label_rotated.jpeg,train,1d
101963-ema.mrxs.label.jpeg,train,1d
101963-ema.mrxs.label_augmented.jpeg,train,1d
101963-ema.mrxs.label_rotated.jpeg,train,1d
OKbarcode_5125-2022-08-05 09.26.47_label.png,train,dmtx
OKbarcode_5125-2022-08-05 09.26.47_label_augmented.png,train,dmtx
OKbarcode_5125-2022-08-05 09.26.47_label_rotated.png,train,dmtx
116334-01 CyclD1.mrxs.label.jpeg,train,dmtx
116334-01 CyclD1.mrxs.label_augmented.jpeg,train,dmtx
116334-01 CyclD1.mrxs.label_rotated.jpeg,train,dmtx
102150-4-he.mrxs.label.jpeg,train,1d
102150-4-he.mrxs.label_augmented.jpeg,train,1d
102150-4-he.mrxs.label_rotated.jpeg,train,1d
117892-01 EMA.mrxs.label.jpeg,train,dmtx
117892-01 EMA.mrxs.label_augmented.jpeg,train,dmtx
117892-01 EMA.mrxs.label_rotated.jpeg,train,dmtx
10 TMA BRISH HER2.mrxs.label - Copy.jpeg,train,1d
10 TMA BRISH HER2.mrxs.label - Copy_augmented.jpeg,train,1d
10 TMA BRISH HER2.mrxs.label - Copy_rotated.jpeg,train,1d
313094 ki67.mrxs.label.jpeg,train,1d
313094 ki67.mrxs.label_augmented.jpeg,train,1d
313094 ki67.mrxs.label_rotated.jpeg,train,1d
110838-01 MUM1.mrxs.label.jpeg,train,1d
110838-01 MUM1.mrxs.label_augmented.jpeg,train,1d
110838-01 MUM1.mrxs.label_rotated.jpeg,train,1d
114178_1_pd_l1.mrxs.label.jpeg,train,dmtx
114178_1_pd_l1.mrxs.label_augmented.jpeg,train,dmtx
114178_1_pd_l1.mrxs.label_rotated.jpeg,train,dmtx
113807_1_HE.mrxs.label.jpeg,train,dmtx
113807_1_HE.mrxs.label_augmented.jpeg,train,dmtx
113807_1_HE.mrxs.label_rotated.jpeg,train,dmtx
101963-desmin.mrxs.label.jpeg,train,1d
101963-desmin.mrxs.label_augmented.jpeg,train,1d
101963-desmin.mrxs.label_rotated.jpeg,train,1d
115236-01 CD10.mrxs.label.jpeg,train,dmtx
115236-01 CD10.mrxs.label_augmented.jpeg,train,dmtx
115236-01 CD10.mrxs.label_rotated.jpeg,train,dmtx
115417-01 Ki-67.mrxs.label.jpeg,train,dmtx
115417-01 Ki-67.mrxs.label_augmented.jpeg,train,dmtx
115417-01 Ki-67.mrxs.label_rotated.jpeg,train,dmtx
103715-03-cyclinD1.mrxs.label.jpeg,train,1d
103715-03-cyclinD1.mrxs.label_augmented.jpeg,train,1d
103715-03-cyclinD1.mrxs.label_rotated.jpeg,train,1d
117845-01 CromA.mrxs.label.jpeg,train,dmtx
117845-01 CromA.mrxs.label_augmented.jpeg,train,dmtx
117845-01 CromA.mrxs.label_rotated.jpeg,train,dmtx
103715-03-cd20.mrxs.label.jpeg,train,1d
103715-03-cd20.mrxs.label_augmented.jpeg,train,1d
103715-03-cd20.mrxs.label_rotated.jpeg,train,1d
B00381576_004_HE.mrxs.label.jpeg,train,dmtx
B00381576_004_HE.mrxs.label_augmented.jpeg,train,dmtx
B00381576_004_HE.mrxs.label_rotated.jpeg,train,dmtx
B00381794_001_CromA.mrxs.label.jpeg,train,dmtx
B00381794_001_CromA.mrxs.label_augmented.jpeg,train,dmtx
B00381794_001_CromA.mrxs.label_rotated.jpeg,train,dmtx
312490ki67.mrxs.label - Copy.jpeg,train,1d
312490ki67.mrxs.label - Copy_augmented.jpeg,train,1d
312490ki67.mrxs.label - Copy_rotated.jpeg,train,1d
102157 Cd30.mrxs.label.jpeg,train,dmtx
102157 Cd30.mrxs.label_augmented.jpeg,train,dmtx
102157 Cd30.mrxs.label_rotated.jpeg,train,dmtx
117845-01 desm.mrxs.label.jpeg,train,dmtx
117845-01 desm.mrxs.label_augmented.jpeg,train,dmtx
117845-01 desm.mrxs.label_rotated.jpeg,train,dmtx
102053-ema.mrxs.label.jpeg,train,1d
102053-ema.mrxs.label_augmented.jpeg,train,1d
102053-ema.mrxs.label_rotated.jpeg,train,1d
114179_1_he.mrxs.label.jpeg,train,dmtx
114179_1_he.mrxs.label_augmented.jpeg,train,dmtx
114179_1_he.mrxs.label_rotated.jpeg,train,dmtx
B00416340_002_SATB2.mrxs.label.jpeg.png,train,dmtx
B00416340_002_SATB2.mrxs.label.jpeg_augmented.png,train,dmtx
B00416340_002_SATB2.mrxs.label.jpeg_rotated.png,train,dmtx
K00126630_001_HE_17-2-2021_15-02-05.mrxs.label.jpeg,train,dmtx
K00126630_001_HE_17-2-2021_15-02-05.mrxs.label_augmented.jpeg,train,dmtx
K00126630_001_HE_17-2-2021_15-02-05.mrxs.label_rotated.jpeg,train,dmtx
104332 pgr.mrxs.label.jpeg,train,1d
104332 pgr.mrxs.label_augmented.jpeg,train,1d
104332 pgr.mrxs.label_rotated.jpeg,train,1d
116494-01 PD-L1.mrxs.label.jpeg,train,dmtx
116494-01 PD-L1.mrxs.label_augmented.jpeg,train,dmtx
116494-01 PD-L1.mrxs.label_rotated.jpeg,train,dmtx
103715-03-ki67.mrxs.label.jpeg,train,1d
103715-03-ki67.mrxs.label_augmented.jpeg,train,1d
103715-03-ki67.mrxs.label_rotated.jpeg,train,1d
104146_HE.mrxs.label.jpeg,train,1d
104146_HE.mrxs.label_augmented.jpeg,train,1d
104146_HE.mrxs.label_rotated.jpeg,train,1d
2.jpeg,train,dmtx
2_augmented.jpeg,train,dmtx
2_rotated.jpeg,train,dmtx
104028 CK7.mrxs.label.jpeg,train,1d
104028 CK7.mrxs.label_augmented.jpeg,train,1d
104028 CK7.mrxs.label_rotated.jpeg,train,1d
116741-002 HE.mrxs.label.jpeg,train,dmtx
116741-002 HE.mrxs.label_augmented.jpeg,train,dmtx
116741-002 HE.mrxs.label_rotated.jpeg,train,dmtx
1--1000 ZAP-70.mrxs.label - Copy.jpeg,train,1d
1--1000 ZAP-70.mrxs.label - Copy_augmented.jpeg,train,1d
1--1000 ZAP-70.mrxs.label - Copy_rotated.jpeg,train,1d
104414 CK20.mrxs.label.jpeg,train,1d
104414 CK20.mrxs.label_augmented.jpeg,train,1d
104414 CK20.mrxs.label_rotated.jpeg,train,1d
O00417759_001_Ki-67.mrxs.label.jpeg.png,train,dmtx
O00417759_001_Ki-67.mrxs.label.jpeg_augmented.png,train,dmtx
O00417759_001_Ki-67.mrxs.label.jpeg_rotated.png,train,dmtx
O00359618_014_HE.mrxs.label.jpeg.png,train,dmtx
O00359618_014_HE.mrxs.label.jpeg_augmented.png,train,dmtx
O00359618_014_HE.mrxs.label.jpeg_rotated.png,train,dmtx
O00414604_002_HE.mrxs.label.jpeg.png,train,dmtx
O00414604_002_HE.mrxs.label.jpeg_augmented.png,train,dmtx
O00414604_002_HE.mrxs.label.jpeg_rotated.png,train,dmtx
110871 HE.mrxs.label.jpeg,train,1d
110871 HE.mrxs.label_augmented.jpeg,train,1d
110871 HE.mrxs.label_rotated.jpeg,train,1d
1051.svs.label - Copy.jpeg,train,1d
1051.svs.label - Copy_augmented.jpeg,train,1d
1051.svs.label - Copy_rotated.jpeg,train,1d
K00119903_001_15-2-2022_16-43-32.mrxs.label.jpeg.png,train,dmtx
K00119903_001_15-2-2022_16-43-32.mrxs.label.jpeg_augmented.png,train,dmtx
K00119903_001_15-2-2022_16-43-32.mrxs.label.jpeg_rotated.png,train,dmtx
114067-05 HE.mrxs.label.jpeg,train,dmtx
114067-05 HE.mrxs.label_augmented.jpeg,train,dmtx
114067-05 HE.mrxs.label_rotated.jpeg,train,dmtx
115236-01 CD30.mrxs.label.jpeg,train,dmtx
115236-01 CD30.mrxs.label_augmented.jpeg,train,dmtx
115236-01 CD30.mrxs.label_rotated.jpeg,train,dmtx
118491-01 bcl-2.mrxs.label.jpeg,train,dmtx
118491-01 bcl-2.mrxs.label_augmented.jpeg,train,dmtx
118491-01 bcl-2.mrxs.label_rotated.jpeg,train,dmtx
anti-s100.svs.label.jpeg,train,1d
anti-s100.svs.label_augmented.jpeg,train,1d
anti-s100.svs.label_rotated.jpeg,train,1d
103715-03-cd3.mrxs.label.jpeg,train,1d
103715-03-cd3.mrxs.label_augmented.jpeg,train,1d
103715-03-cd3.mrxs.label_rotated.jpeg,train,1d
314456 ki67.mrxs.label.jpeg,train,1d
314456 ki67.mrxs.label_augmented.jpeg,train,1d
314456 ki67.mrxs.label_rotated.jpeg,train,1d
104372 HER2.mrxs.label.jpeg,train,1d
104372 HER2.mrxs.label_augmented.jpeg,train,1d
104372 HER2.mrxs.label_rotated.jpeg,train,1d
101963-SMA1.mrxs.label.jpeg,train,1d
101963-SMA1.mrxs.label_augmented.jpeg,train,1d
101963-SMA1.mrxs.label_rotated.jpeg,train,1d
114779 STAT6.mrxs.label.jpeg,train,dmtx
114779 STAT6.mrxs.label_augmented.jpeg,train,dmtx
114779 STAT6.mrxs.label_rotated.jpeg,train,dmtx
100927 AR.mrxs.label.jpeg,train,1d
100927 AR.mrxs.label_augmented.jpeg,train,1d
100927 AR.mrxs.label_rotated.jpeg,train,1d
O00419160_010_HE.mrxs.label.jpeg.png,train,dmtx
O00419160_010_HE.mrxs.label.jpeg_augmented.png,train,dmtx
O00419160_010_HE.mrxs.label.jpeg_rotated.png,train,dmtx
K00126638_001_SMM.mrxs.label.jpeg,train,dmtx
K00126638_001_SMM.mrxs.label_augmented.jpeg,train,dmtx
K00126638_001_SMM.mrxs.label_rotated.jpeg,train,dmtx
107782-08 HE.mrxs.label.jpeg,train,1d
107782-08 HE.mrxs.label_augmented.jpeg,train,1d
107782-08 HE.mrxs.label_rotated.jpeg,train,1d
003262 HER2.mrxs.label.jpeg,train,1d
003262 HER2.mrxs.label_augmented.jpeg,train,1d
003262 HER2.mrxs.label_rotated.jpeg,train,1d
114719-01 HE.mrxs.label - Copy.jpeg,train,dmtx
114719-01 HE.mrxs.label - Copy_augmented.jpeg,train,dmtx
114719-01 HE.mrxs.label - Copy_rotated.jpeg,train,dmtx
102050-cd5.mrxs.label.jpeg,train,1d
102050-cd5.mrxs.label_augmented.jpeg,train,1d
102050-cd5.mrxs.label_rotated.jpeg,train,1d
114779 SMA.mrxs.label.jpeg,train,dmtx
114779 SMA.mrxs.label_augmented.jpeg,train,dmtx
114779 SMA.mrxs.label_rotated.jpeg,train,dmtx
114870-01 CD34.mrxs.label.jpeg,train,dmtx
114870-01 CD34.mrxs.label_augmented.jpeg,train,dmtx
114870-01 CD34.mrxs.label_rotated.jpeg,train,dmtx
115152-01 CD3.mrxs.label.jpeg,train,dmtx
115152-01 CD3.mrxs.label_augmented.jpeg,train,dmtx
115152-01 CD3.mrxs.label_rotated.jpeg,train,dmtx
118236-01 CD30.mrxs.label.jpeg,train,dmtx
118236-01 CD30.mrxs.label_augmented.jpeg,train,dmtx
118236-01 CD30.mrxs.label_rotated.jpeg,train,dmtx
28.svs.label.jpeg,train,1d
28.svs.label_augmented.jpeg,train,1d
28.svs.label_rotated.jpeg,train,1d
115417-01 MUM1.mrxs.label.jpeg,train,dmtx
115417-01 MUM1.mrxs.label_augmented.jpeg,train,dmtx
115417-01 MUM1.mrxs.label_rotated.jpeg,train,dmtx
113392-01 CD10.mrxs.label.jpeg,train,dmtx
113392-01 CD10.mrxs.label_augmented.jpeg,train,dmtx
113392-01 CD10.mrxs.label_rotated.jpeg,train,dmtx
118866-03 HE.mrxs.label.jpeg,train,dmtx
118866-03 HE.mrxs.label_augmented.jpeg,train,dmtx
118866-03 HE.mrxs.label_rotated.jpeg,train,dmtx
113335-02 HE.mrxs.label.jpeg,train,dmtx
113335-02 HE.mrxs.label_augmented.jpeg,train,dmtx
113335-02 HE.mrxs.label_rotated.jpeg,train,dmtx
B00381048_004_HE.mrxs.label.jpeg,train,dmtx
B00381048_004_HE.mrxs.label_augmented.jpeg,train,dmtx
B00381048_004_HE.mrxs.label_rotated.jpeg,train,dmtx
14456 ki67.mrxs.label.jpeg,train,1d
14456 ki67.mrxs.label_augmented.jpeg,train,1d
14456 ki67.mrxs.label_rotated.jpeg,train,1d
O00372850_29_HE.mrxs.label.jpeg.png,train,dmtx
O00372850_29_HE.mrxs.label.jpeg_augmented.png,train,dmtx
O00372850_29_HE.mrxs.label.jpeg_rotated.png,train,dmtx
102731-01 HE.mrxs.label.jpeg,train,1d
102731-01 HE.mrxs.label_augmented.jpeg,train,1d
102731-01 HE.mrxs.label_rotated.jpeg,train,1d
B00416643_001_GATA3.mrxs.label.jpeg.png,train,dmtx
B00416643_001_GATA3.mrxs.label.jpeg_augmented.png,train,dmtx
B00416643_001_GATA3.mrxs.label.jpeg_rotated.png,train,dmtx
104372 PR.mrxs.label.jpeg,train,1d
104372 PR.mrxs.label_augmented.jpeg,train,1d
104372 PR.mrxs.label_rotated.jpeg,train,1d
102659-06 HE.mrxs.label.jpeg,train,1d
102659-06 HE.mrxs.label_augmented.jpeg,train,1d
102659-06 HE.mrxs.label_rotated.jpeg,train,1d
115236-01 Mum1.mrxs.label.jpeg,train,dmtx
115236-01 Mum1.mrxs.label_augmented.jpeg,train,dmtx
115236-01 Mum1.mrxs.label_rotated.jpeg,train,dmtx
102659-07 HE.mrxs.label.jpeg,train,1d
102659-07 HE.mrxs.label_augmented.jpeg,train,1d
102659-07 HE.mrxs.label_rotated.jpeg,train,1d
K00107746_01_13-1-2022_15-19-07.mrxs.label.jpeg.png,train,dmtx
K00107746_01_13-1-2022_15-19-07.mrxs.label.jpeg_augmented.png,train,dmtx
K00107746_01_13-1-2022_15-19-07.mrxs.label.jpeg_rotated.png,train,dmtx
O00357524_02_HE.mrxs.label.jpeg,train,dmtx
O00357524_02_HE.mrxs.label_augmented.jpeg,train,dmtx
O00357524_02_HE.mrxs.label_rotated.jpeg,train,dmtx
101963-ki67.mrxs.label.jpeg,train,1d
101963-ki67.mrxs.label_augmented.jpeg,train,1d
101963-ki67.mrxs.label_rotated.jpeg,train,1d
102157 CD3.mrxs.label.jpeg,train,dmtx
102157 CD3.mrxs.label_augmented.jpeg,train,dmtx
102157 CD3.mrxs.label_rotated.jpeg,train,dmtx
102731-02 BOB-1.mrxs.label.jpeg,train,1d
102731-02 BOB-1.mrxs.label_augmented.jpeg,train,1d
102731-02 BOB-1.mrxs.label_rotated.jpeg,train,1d
118914-01 CD5.mrxs.label.jpeg,train,dmtx
118914-01 CD5.mrxs.label_augmented.jpeg,train,dmtx
118914-01 CD5.mrxs.label_rotated.jpeg,train,dmtx
5125-2022-08-05 08.50.29.ndpi.label.jpeg.png,train,dmtx
5125-2022-08-05 08.50.29.ndpi.label.jpeg_augmented.png,train,dmtx
5125-2022-08-05 08.50.29.ndpi.label.jpeg_rotated.png,train,dmtx
K00126679 S100.2.mrxs.label.jpeg.png,train,dmtx
K00126679 S100.2.mrxs.label.jpeg_augmented.png,train,dmtx
K00126679 S100.2.mrxs.label.jpeg_rotated.png,train,dmtx
K00107420_01_CDX-2.mrxs.label.jpeg.png,train,dmtx
K00107420_01_CDX-2.mrxs.label.jpeg_augmented.png,train,dmtx
K00107420_01_CDX-2.mrxs.label.jpeg_rotated.png,train,dmtx
115152-01 CD20.mrxs.label.jpeg,train,dmtx
115152-01 CD20.mrxs.label_augmented.jpeg,train,dmtx
115152-01 CD20.mrxs.label_rotated.jpeg,train,dmtx
110926-01 Ki-67.mrxs.label.jpeg,train,1d
110926-01 Ki-67.mrxs.label_augmented.jpeg,train,1d
110926-01 Ki-67.mrxs.label_rotated.jpeg,train,1d
O00304762_003HE.mrxs.label.jpeg,train,dmtx
O00304762_003HE.mrxs.label_augmented.jpeg,train,dmtx
O00304762_003HE.mrxs.label_rotated.jpeg,train,dmtx
102050-ki67.mrxs.label.jpeg,train,1d
102050-ki67.mrxs.label_augmented.jpeg,train,1d
102050-ki67.mrxs.label_rotated.jpeg,train,1d
115417-02 HE.mrxs.label.jpeg,train,dmtx
115417-02 HE.mrxs.label_augmented.jpeg,train,dmtx
115417-02 HE.mrxs.label_rotated.jpeg,train,dmtx
14TMA HER2.mrxs.label - Copy.jpeg,train,1d
14TMA HER2.mrxs.label - Copy_augmented.jpeg,train,1d
14TMA HER2.mrxs.label - Copy_rotated.jpeg,train,1d
104471 HER2.mrxs.label.jpeg,train,1d
104471 HER2.mrxs.label_augmented.jpeg,train,1d
104471 HER2.mrxs.label_rotated.jpeg,train,1d
116334-01 KAPPA.mrxs.label.jpeg,train,dmtx
116334-01 KAPPA.mrxs.label_augmented.jpeg,train,dmtx
116334-01 KAPPA.mrxs.label_rotated.jpeg,train,dmtx
101765 CK7.mrxs.label.jpeg,train,1d
101765 CK7.mrxs.label_augmented.jpeg,train,1d
101765 CK7.mrxs.label_rotated.jpeg,train,1d
115417-01 bcl-2.mrxs.label.jpeg,train,dmtx
115417-01 bcl-2.mrxs.label_augmented.jpeg,train,dmtx
115417-01 bcl-2.mrxs.label_rotated.jpeg,train,dmtx
K00114282_005_HE.mrxs.label.jpeg,train,dmtx
K00114282_005_HE.mrxs.label_augmented.jpeg,train,dmtx
K00114282_005_HE.mrxs.label_rotated.jpeg,train,dmtx
114123_1_he.mrxs.label.jpeg,train,dmtx
114123_1_he.mrxs.label_augmented.jpeg,train,dmtx
114123_1_he.mrxs.label_rotated.jpeg,train,dmtx
116306-01 p53.mrxs.label.jpeg,train,dmtx
116306-01 p53.mrxs.label_augmented.jpeg,train,dmtx
116306-01 p53.mrxs.label_rotated.jpeg,train,dmtx
103202-02 HE.mrxs.label.jpeg,train,1d
103202-02 HE.mrxs.label_augmented.jpeg,train,1d
103202-02 HE.mrxs.label_rotated.jpeg,train,1d
103431_02alk1.mrxs.label.jpeg,train,1d
103431_02alk1.mrxs.label_augmented.jpeg,train,1d
103431_02alk1.mrxs.label_rotated.jpeg,train,1d
1053.svs.label.jpeg,train,1d
1053.svs.label_augmented.jpeg,train,1d
1053.svs.label_rotated.jpeg,train,1d
104372 Ki-67.mrxs.label.jpeg,train,1d
104372 Ki-67.mrxs.label_augmented.jpeg,train,1d
104372 Ki-67.mrxs.label_rotated.jpeg,train,1d
113530_1_HE.mrxs.label.jpeg,train,dmtx
113530_1_HE.mrxs.label_augmented.jpeg,train,dmtx
113530_1_HE.mrxs.label_rotated.jpeg,train,dmtx
14540 ck5.mrxs.label.jpeg,train,1d
14540 ck5.mrxs.label_augmented.jpeg,train,1d
14540 ck5.mrxs.label_rotated.jpeg,train,1d
312441 ki67.mrxs.label.jpeg,train,1d
312441 ki67.mrxs.label_augmented.jpeg,train,1d
312441 ki67.mrxs.label_rotated.jpeg,train,1d
104414 ER.mrxs.label.jpeg,train,1d
104414 ER.mrxs.label_augmented.jpeg,train,1d
104414 ER.mrxs.label_rotated.jpeg,train,1d
118430-01 PAX8.mrxs.label.jpeg,train,dmtx
118430-01 PAX8.mrxs.label_augmented.jpeg,train,dmtx
118430-01 PAX8.mrxs.label_rotated.jpeg,train,dmtx
B00408455_004_HE.mrxs.label.jpeg,train,dmtx
B00408455_004_HE.mrxs.label_augmented.jpeg,train,dmtx
B00408455_004_HE.mrxs.label_rotated.jpeg,train,dmtx
343514-01 HER2.mrxs.label.jpeg,train,1d
343514-01 HER2.mrxs.label_augmented.jpeg,train,1d
343514-01 HER2.mrxs.label_rotated.jpeg,train,1d
114779 MCK.mrxs.label.jpeg,train,dmtx
114779 MCK.mrxs.label_augmented.jpeg,train,dmtx
114779 MCK.mrxs.label_rotated.jpeg,train,dmtx
114815-22 HE.mrxs.label.jpeg,train,dmtx
114815-22 HE.mrxs.label_augmented.jpeg,train,dmtx
114815-22 HE.mrxs.label_rotated.jpeg,train,dmtx
101864 ER.mrxs.label.jpeg,train,1d
101864 ER.mrxs.label_augmented.jpeg,train,1d
101864 ER.mrxs.label_rotated.jpeg,train,1d
108106 HE.1.mrxs.label.jpeg,train,1d
108106 HE.1.mrxs.label_augmented.jpeg,train,1d
108106 HE.1.mrxs.label_rotated.jpeg,train,1d
108111-02 HE.mrxs.label.jpeg,train,1d
108111-02 HE.mrxs.label_augmented.jpeg,train,1d
108111-02 HE.mrxs.label_rotated.jpeg,train,1d
B00408335_001_c-myc.mrxs.label.jpeg,train,dmtx
B00408335_001_c-myc.mrxs.label_augmented.jpeg,train,dmtx
B00408335_001_c-myc.mrxs.label_rotated.jpeg,train,dmtx
107782-05 MUM1.mrxs.label.jpeg,train,1d
107782-05 MUM1.mrxs.label_augmented.jpeg,train,1d
107782-05 MUM1.mrxs.label_rotated.jpeg,train,1d
115131-05 PD1.mrxs.label.jpeg,train,dmtx
115131-05 PD1.mrxs.label_augmented.jpeg,train,dmtx
115131-05 PD1.mrxs.label_rotated.jpeg,train,dmtx
K00109281_11_HE.mrxs.label.jpeg,train,dmtx
K00109281_11_HE.mrxs.label_augmented.jpeg,train,dmtx
K00109281_11_HE.mrxs.label_rotated.jpeg,train,dmtx
FAILbarcode_5125-08-05 08.27.51_label.png,train,dmtx
FAILbarcode_5125-08-05 08.27.51_label_augmented.png,train,dmtx
FAILbarcode_5125-08-05 08.27.51_label_rotated.png,train,dmtx
118866-01 OCT2.mrxs.label.jpeg,train,dmtx
118866-01 OCT2.mrxs.label_augmented.jpeg,train,dmtx
118866-01 OCT2.mrxs.label_rotated.jpeg,train,dmtx
107198_02_ki67.mrxs.label.jpeg,train,1d
107198_02_ki67.mrxs.label_augmented.jpeg,train,1d
107198_02_ki67.mrxs.label_rotated.jpeg,train,1d
118866-05 HE.mrxs.label.jpeg,train,dmtx
118866-05 HE.mrxs.label_augmented.jpeg,train,dmtx
118866-05 HE.mrxs.label_rotated.jpeg,train,dmtx
114067-02 HE.mrxs.label - Copy.jpeg,train,dmtx
114067-02 HE.mrxs.label - Copy_augmented.jpeg,train,dmtx
114067-02 HE.mrxs.label - Copy_rotated.jpeg,train,dmtx
113718-07 HE.mrxs.label.jpeg,train,dmtx
113718-07 HE.mrxs.label_augmented.jpeg,train,dmtx
113718-07 HE.mrxs.label_rotated.jpeg,train,dmtx
105293-06 HE_2019-11-20T01_04_55.6901123Z.mrxs.label.jpeg,train,1d
105293-06 HE_2019-11-20T01_04_55.6901123Z.mrxs.label_augmented.jpeg,train,1d
105293-06 HE_2019-11-20T01_04_55.6901123Z.mrxs.label_rotated.jpeg,train,1d
110838-02 HE.mrxs.label.jpeg,train,1d
110838-02 HE.mrxs.label_augmented.jpeg,train,1d
110838-02 HE.mrxs.label_rotated.jpeg,train,1d
B00381576_001_HE.mrxs.label.jpeg,train,dmtx
B00381576_001_HE.mrxs.label_augmented.jpeg,train,dmtx
B00381576_001_HE.mrxs.label_rotated.jpeg,train,dmtx
110974-01 HE.mrxs.label.jpeg,train,1d
110974-01 HE.mrxs.label_augmented.jpeg,train,1d
110974-01 HE.mrxs.label_rotated.jpeg,train,1d
115250-01 CD3.mrxs.label.jpeg,train,dmtx
115250-01 CD3.mrxs.label_augmented.jpeg,train,dmtx
115250-01 CD3.mrxs.label_rotated.jpeg,train,dmtx
240531 ki67.mrxs.label.jpeg,train,1d
240531 ki67.mrxs.label_augmented.jpeg,train,1d
240531 ki67.mrxs.label_rotated.jpeg,train,1d
102150-2-he.mrxs.label.jpeg,train,1d
102150-2-he.mrxs.label_augmented.jpeg,train,1d
102150-2-he.mrxs.label_rotated.jpeg,train,1d
312190ki67.1.mrxs.label.jpeg,train,1d
312190ki67.1.mrxs.label_augmented.jpeg,train,1d
312190ki67.1.mrxs.label_rotated.jpeg,train,1d
101440 CD3.mrxs.label.jpeg,train,1d
101440 CD3.mrxs.label_augmented.jpeg,train,1d
101440 CD3.mrxs.label_rotated.jpeg,train,1d
312069ki67.mrxs.label.jpeg,train,1d
312069ki67.mrxs.label_augmented.jpeg,train,1d
312069ki67.mrxs.label_rotated.jpeg,train,1d
104146_pgr.mrxs.label.jpeg,train,1d
104146_pgr.mrxs.label_augmented.jpeg,train,1d
104146_pgr.mrxs.label_rotated.jpeg,train,1d
104146_her2.mrxs.label.jpeg,train,1d
104146_her2.mrxs.label_augmented.jpeg,train,1d
104146_her2.mrxs.label_rotated.jpeg,train,1d
115215-03 HE.mrxs.label.jpeg,train,dmtx
115215-03 HE.mrxs.label_augmented.jpeg,train,dmtx
115215-03 HE.mrxs.label_rotated.jpeg,train,dmtx
108106 CD30.mrxs.label.jpeg,train,1d
108106 CD30.mrxs.label_augmented.jpeg,train,1d
108106 CD30.mrxs.label_rotated.jpeg,train,1d
104372 CK7.mrxs.label.jpeg,train,1d
104372 CK7.mrxs.label_augmented.jpeg,train,1d
104372 CK7.mrxs.label_rotated.jpeg,train,1d
28661HER2.mrxs.label.jpeg,train,1d
28661HER2.mrxs.label_augmented.jpeg,train,1d
28661HER2.mrxs.label_rotated.jpeg,train,1d
K00118623_012Muc-2.mrxs.label.jpeg,train,dmtx
K00118623_012Muc-2.mrxs.label_augmented.jpeg,train,dmtx
K00118623_012Muc-2.mrxs.label_rotated.jpeg,train,dmtx
B00382432_011_HE.mrxs.label.jpeg,train,dmtx
B00382432_011_HE.mrxs.label_augmented.jpeg,train,dmtx
B00382432_011_HE.mrxs.label_rotated.jpeg,train,dmtx
26125817.mrxs.label.jpeg,train,1d
26125817.mrxs.label_augmented.jpeg,train,1d
26125817.mrxs.label_rotated.jpeg,train,1d
102731-02 PAX5.mrxs.label.jpeg,train,1d
102731-02 PAX5.mrxs.label_augmented.jpeg,train,1d
102731-02 PAX5.mrxs.label_rotated.jpeg,train,1d
B00381794_001_ER.mrxs.label.jpeg,train,dmtx
B00381794_001_ER.mrxs.label_augmented.jpeg,train,dmtx
B00381794_001_ER.mrxs.label_rotated.jpeg,train,dmtx
O00415307_015_p16.mrxs.label.jpeg.png,train,dmtx
O00415307_015_p16.mrxs.label.jpeg_augmented.png,train,dmtx
O00415307_015_p16.mrxs.label.jpeg_rotated.png,train,dmtx
118430-01 Mum1.mrxs.label.jpeg,train,dmtx
118430-01 Mum1.mrxs.label_augmented.jpeg,train,dmtx
118430-01 Mum1.mrxs.label_rotated.jpeg,train,dmtx
105293-01 HE.mrxs.label.jpeg,train,1d
105293-01 HE.mrxs.label_augmented.jpeg,train,1d
105293-01 HE.mrxs.label_rotated.jpeg,train,1d
114036-01 ERCC-1.mrxs.label.jpeg,train,dmtx
114036-01 ERCC-1.mrxs.label_augmented.jpeg,train,dmtx
114036-01 ERCC-1.mrxs.label_rotated.jpeg,train,dmtx
anti-ki67.svs.label.jpeg,train,1d
anti-ki67.svs.label_augmented.jpeg,train,1d
anti-ki67.svs.label_rotated.jpeg,train,1d
117416-01 CD4.mrxs.label.jpeg,train,dmtx
117416-01 CD4.mrxs.label_augmented.jpeg,train,dmtx
117416-01 CD4.mrxs.label_rotated.jpeg,train,dmtx
113266_1_HE.mrxs.label.jpeg,train,dmtx
113266_1_HE.mrxs.label_augmented.jpeg,train,dmtx
113266_1_HE.mrxs.label_rotated.jpeg,train,dmtx
104332-01 HE.mrxs.label.jpeg,train,1d
104332-01 HE.mrxs.label_augmented.jpeg,train,1d
104332-01 HE.mrxs.label_rotated.jpeg,train,1d
K00107746_01_13-1-2022_15-17-51.mrxs.label.jpeg.png,train,dmtx
K00107746_01_13-1-2022_15-17-51.mrxs.label.jpeg_augmented.png,train,dmtx
K00107746_01_13-1-2022_15-17-51.mrxs.label.jpeg_rotated.png,train,dmtx
104332 PR.mrxs.label.jpeg,train,1d
104332 PR.mrxs.label_augmented.jpeg,train,1d
104332 PR.mrxs.label_rotated.jpeg,train,1d
111637-06 HE.mrxs.label.jpeg,train,1d
111637-06 HE.mrxs.label_augmented.jpeg,train,1d
111637-06 HE.mrxs.label_rotated.jpeg,train,1d
O00418880_014_SATB2.mrxs.label.jpeg.png,train,dmtx
O00418880_014_SATB2.mrxs.label.jpeg_augmented.png,train,dmtx
O00418880_014_SATB2.mrxs.label.jpeg_rotated.png,train,dmtx
101864 PR.mrxs.label.jpeg,train,1d
101864 PR.mrxs.label_augmented.jpeg,train,1d
101864 PR.mrxs.label_rotated.jpeg,train,1d
312490ki67.mrxs.label.jpeg,train,1d
312490ki67.mrxs.label_augmented.jpeg,train,1d
312490ki67.mrxs.label_rotated.jpeg,train,1d
102050-bcl2.mrxs.label.jpeg,train,1d
102050-bcl2.mrxs.label_augmented.jpeg,train,1d
102050-bcl2.mrxs.label_rotated.jpeg,train,1d
5125-2022-08-05 08.33.15.ndpi.label.jpeg.png,train,dmtx
5125-2022-08-05 08.33.15.ndpi.label.jpeg_augmented.png,train,dmtx
5125-2022-08-05 08.33.15.ndpi.label.jpeg_rotated.png,train,dmtx
114124_1_he.mrxs.label.jpeg,train,dmtx
114124_1_he.mrxs.label_augmented.jpeg,train,dmtx
114124_1_he.mrxs.label_rotated.jpeg,train,dmtx
108018_HE_4.mrxs.label.jpeg,train,1d
108018_HE_4.mrxs.label_augmented.jpeg,train,1d
108018_HE_4.mrxs.label_rotated.jpeg,train,1d
103715-03-cd10.mrxs.label.jpeg,train,1d
103715-03-cd10.mrxs.label_augmented.jpeg,train,1d
103715-03-cd10.mrxs.label_rotated.jpeg,train,1d
114180_1_he.mrxs.label.jpeg,train,dmtx
114180_1_he.mrxs.label_augmented.jpeg,train,dmtx
114180_1_he.mrxs.label_rotated.jpeg,train,dmtx
114067-01 HE.mrxs.label - Copy.jpeg,train,dmtx
114067-01 HE.mrxs.label - Copy_augmented.jpeg,train,dmtx
114067-01 HE.mrxs.label - Copy_rotated.jpeg,train,dmtx
5125-2022-08-05 08.56.22.ndpi.label.jpeg.png,train,dmtx
5125-2022-08-05 08.56.22.ndpi.label.jpeg_augmented.png,train,dmtx
5125-2022-08-05 08.56.22.ndpi.label.jpeg_rotated.png,train,dmtx
104372 ER.mrxs.label.jpeg,train,1d
104372 ER.mrxs.label_augmented.jpeg,train,1d
104372 ER.mrxs.label_rotated.jpeg,train,1d
O00371804_026_HE.mrxs.label.jpeg,train,dmtx
O00371804_026_HE.mrxs.label_augmented.jpeg,train,dmtx
O00371804_026_HE.mrxs.label_rotated.jpeg,train,dmtx
343270-01 Ki67.mrxs.label.jpeg,train,1d
343270-01 Ki67.mrxs.label_augmented.jpeg,train,1d
343270-01 Ki67.mrxs.label_rotated.jpeg,train,1d
114182_1_he.mrxs.label.jpeg,train,dmtx
114182_1_he.mrxs.label_augmented.jpeg,train,dmtx
114182_1_he.mrxs.label_rotated.jpeg,train,dmtx
104216-01 HE.mrxs.label.jpeg,train,1d
104216-01 HE.mrxs.label_augmented.jpeg,train,1d
104216-01 HE.mrxs.label_rotated.jpeg,train,1d
110926-01 myo.mrxs.label.jpeg,train,1d
110926-01 myo.mrxs.label_augmented.jpeg,train,1d
110926-01 myo.mrxs.label_rotated.jpeg,train,1d
118167-02 HE.mrxs.label.jpeg,train,dmtx
118167-02 HE.mrxs.label_augmented.jpeg,train,dmtx
118167-02 HE.mrxs.label_rotated.jpeg,train,dmtx
114719-01 HE.mrxs.label.jpeg,train,dmtx
114719-01 HE.mrxs.label_augmented.jpeg,train,dmtx
114719-01 HE.mrxs.label_rotated.jpeg,train,dmtx
14TMA ER.mrxs.label - Copy.jpeg,train,1d
14TMA ER.mrxs.label - Copy_augmented.jpeg,train,1d
14TMA ER.mrxs.label - Copy_rotated.jpeg,train,1d
003262PgR.mrxs.label.jpeg,train,1d
003262PgR.mrxs.label_augmented.jpeg,train,1d
003262PgR.mrxs.label_rotated.jpeg,train,1d
114719-01 STAT6.mrxs.label - Copy.jpeg,train,dmtx
114719-01 STAT6.mrxs.label - Copy_augmented.jpeg,train,dmtx
114719-01 STAT6.mrxs.label - Copy_rotated.jpeg,train,dmtx
O00357627_003_HE.mrxs.label.jpeg,train,dmtx
O00357627_003_HE.mrxs.label_augmented.jpeg,train,dmtx
O00357627_003_HE.mrxs.label_rotated.jpeg,train,dmtx
113529_1_HE.mrxs.label.jpeg,train,dmtx
113529_1_HE.mrxs.label_augmented.jpeg,train,dmtx
113529_1_HE.mrxs.label_rotated.jpeg,train,dmtx
119180-03 TTF-1.mrxs.label.jpeg,train,dmtx
119180-03 TTF-1.mrxs.label_augmented.jpeg,train,dmtx
119180-03 TTF-1.mrxs.label_rotated.jpeg,train,dmtx
334285 PR.mrxs.label.jpeg,train,1d
334285 PR.mrxs.label_augmented.jpeg,train,1d
334285 PR.mrxs.label_rotated.jpeg,train,1d
117863-01 WT1.mrxs.label.jpeg,train,dmtx
117863-01 WT1.mrxs.label_augmented.jpeg,train,dmtx
117863-01 WT1.mrxs.label_rotated.jpeg,train,dmtx
28661K HER2.mrxs.label.jpeg,train,1d
28661K HER2.mrxs.label_augmented.jpeg,train,1d
28661K HER2.mrxs.label_rotated.jpeg,train,1d
101963-CALD.mrxs.label.jpeg,train,1d
101963-CALD.mrxs.label_augmented.jpeg,train,1d
101963-CALD.mrxs.label_rotated.jpeg,train,1d
103431_02lca.mrxs.label.jpeg,train,1d
103431_02lca.mrxs.label_augmented.jpeg,train,1d
103431_02lca.mrxs.label_rotated.jpeg,train,1d
B00383517_001HE.mrxs.label.jpeg,train,dmtx
B00383517_001HE.mrxs.label_augmented.jpeg,train,dmtx
B00383517_001HE.mrxs.label_rotated.jpeg,train,dmtx
O00357599_12_HE.mrxs.label.jpeg,train,dmtx
O00357599_12_HE.mrxs.label_augmented.jpeg,train,dmtx
O00357599_12_HE.mrxs.label_rotated.jpeg,train,dmtx
103202-01 Muc2.mrxs.label.jpeg,train,1d
103202-01 Muc2.mrxs.label_augmented.jpeg,train,1d
103202-01 Muc2.mrxs.label_rotated.jpeg,train,1d
103431_02He.mrxs.label.jpeg,train,1d
103431_02He.mrxs.label_augmented.jpeg,train,1d
103431_02He.mrxs.label_rotated.jpeg,train,1d
114181_1_he.mrxs.label.jpeg,train,dmtx
114181_1_he.mrxs.label_augmented.jpeg,train,dmtx
114181_1_he.mrxs.label_rotated.jpeg,train,dmtx
5125-08-05 08.27.51.ndpi.label.jpeg.png,train,dmtx
5125-08-05 08.27.51.ndpi.label.jpeg_augmented.png,train,dmtx
5125-08-05 08.27.51.ndpi.label.jpeg_rotated.png,train,dmtx
115236-01 HE.mrxs.label.jpeg,train,dmtx
115236-01 HE.mrxs.label_augmented.jpeg,train,dmtx
115236-01 HE.mrxs.label_rotated.jpeg,train,dmtx
102050-cd23.mrxs.label.jpeg,train,1d
102050-cd23.mrxs.label_augmented.jpeg,train,1d
102050-cd23.mrxs.label_rotated.jpeg,train,1d
334285 ER_05.11.2019_16.58.54.mrxs.label.jpeg,train,1d
334285 ER_05.11.2019_16.58.54.mrxs.label_augmented.jpeg,train,1d
334285 ER_05.11.2019_16.58.54.mrxs.label_rotated.jpeg,train,1d
114758-01 HE.mrxs.label.jpeg,train,dmtx
114758-01 HE.mrxs.label_augmented.jpeg,train,dmtx
114758-01 HE.mrxs.label_rotated.jpeg,train,dmtx
118866-02 HE.mrxs.label.jpeg,train,dmtx
118866-02 HE.mrxs.label_augmented.jpeg,train,dmtx
118866-02 HE.mrxs.label_rotated.jpeg,train,dmtx
003262HER2.mrxs.label.jpeg,train,1d
003262HER2.mrxs.label_augmented.jpeg,train,1d
003262HER2.mrxs.label_rotated.jpeg,train,1d
anti-desmin.svs.label.jpeg,train,1d
anti-desmin.svs.label_augmented.jpeg,train,1d
anti-desmin.svs.label_rotated.jpeg,train,1d
102731-02 CD30.mrxs.label.jpeg,train,1d
102731-02 CD30.mrxs.label_augmented.jpeg,train,1d
102731-02 CD30.mrxs.label_rotated.jpeg,train,1d
K00118623_012PAX8.mrxs.label.jpeg,train,dmtx
K00118623_012PAX8.mrxs.label_augmented.jpeg,train,dmtx
K00118623_012PAX8.mrxs.label_rotated.jpeg,train,dmtx
107782-07 HE.mrxs.label.jpeg,train,1d
107782-07 HE.mrxs.label_augmented.jpeg,train,1d
107782-07 HE.mrxs.label_rotated.jpeg,train,1d
104332 ER.mrxs.label.jpeg,train,1d
104332 ER.mrxs.label_augmented.jpeg,train,1d
104332 ER.mrxs.label_rotated.jpeg,train,1d
101765-02 HE.mrxs.label.jpeg,train,1d
101765-02 HE.mrxs.label_augmented.jpeg,train,1d
101765-02 HE.mrxs.label_rotated.jpeg,train,1d
110040-2 HE.mrxs.label.jpeg,train,1d
110040-2 HE.mrxs.label_augmented.jpeg,train,1d
110040-2 HE.mrxs.label_rotated.jpeg,train,1d
2TMA HER2 VEN.mrxs.label.jpeg,train,1d
2TMA HER2 VEN.mrxs.label_augmented.jpeg,train,1d
2TMA HER2 VEN.mrxs.label_rotated.jpeg,train,1d
102034-01-HE.mrxs.label.jpeg,train,1d
102034-01-HE.mrxs.label_augmented.jpeg,train,1d
102034-01-HE.mrxs.label_rotated.jpeg,train,1d
114067-03 HE.mrxs.label.jpeg,train,dmtx
114067-03 HE.mrxs.label_augmented.jpeg,train,dmtx
114067-03 HE.mrxs.label_rotated.jpeg,train,dmtx
115236-01 Ki-67.mrxs.label.jpeg,train,dmtx
115236-01 Ki-67.mrxs.label_augmented.jpeg,train,dmtx
115236-01 Ki-67.mrxs.label_rotated.jpeg,train,dmtx
113808 Ki-67.mrxs.label.jpeg,train,dmtx
113808 Ki-67.mrxs.label_augmented.jpeg,train,dmtx
113808 Ki-67.mrxs.label_rotated.jpeg,train,dmtx
113580_1_HE.mrxs.label.jpeg,train,dmtx
113580_1_HE.mrxs.label_augmented.jpeg,train,dmtx
113580_1_HE.mrxs.label_rotated.jpeg,train,dmtx
101864-01 HE.mrxs.label.jpeg,train,1d
101864-01 HE.mrxs.label_augmented.jpeg,train,1d
101864-01 HE.mrxs.label_rotated.jpeg,train,1d
107198_02_ttf1.mrxs.label.jpeg,train,1d
107198_02_ttf1.mrxs.label_augmented.jpeg,train,1d
107198_02_ttf1.mrxs.label_rotated.jpeg,train,1d
312190 ki67.mrxs.label.jpeg,train,1d
312190 ki67.mrxs.label_augmented.jpeg,train,1d
312190 ki67.mrxs.label_rotated.jpeg,train,1d
102053-he16.mrxs.label.jpeg,train,1d
102053-he16.mrxs.label_augmented.jpeg,train,1d
102053-he16.mrxs.label_rotated.jpeg,train,1d
115131-05 OCT2.mrxs.label.jpeg,train,dmtx
115131-05 OCT2.mrxs.label_augmented.jpeg,train,dmtx
115131-05 OCT2.mrxs.label_rotated.jpeg,train,dmtx
104332 Ki67.mrxs.label.jpeg,train,1d
104332 Ki67.mrxs.label_augmented.jpeg,train,1d
104332 Ki67.mrxs.label_rotated.jpeg,train,1d
104414-04 HE.mrxs.label.jpeg,train,1d
104414-04 HE.mrxs.label_augmented.jpeg,train,1d
104414-04 HE.mrxs.label_rotated.jpeg,train,1d
113532_1_HE.mrxs.label.jpeg,train,dmtx
113532_1_HE.mrxs.label_augmented.jpeg,train,dmtx
113532_1_HE.mrxs.label_rotated.jpeg,train,dmtx
332570HER2.mrxs.label.jpeg,train,1d
332570HER2.mrxs.label_augmented.jpeg,train,1d
332570HER2.mrxs.label_rotated.jpeg,train,1d
104414 CDX2.mrxs.label.jpeg,train,1d
104414 CDX2.mrxs.label_augmented.jpeg,train,1d
104414 CDX2.mrxs.label_rotated.jpeg,train,1d
110583 HE.mrxs.label.jpeg,train,1d
110583 HE.mrxs.label_augmented.jpeg,train,1d
110583 HE.mrxs.label_rotated.jpeg,train,1d
115417-01 CD20.mrxs.label.jpeg,train,dmtx
115417-01 CD20.mrxs.label_augmented.jpeg,train,dmtx
115417-01 CD20.mrxs.label_rotated.jpeg,train,dmtx
110926-01 HE.mrxs.label.jpeg,train,1d
110926-01 HE.mrxs.label_augmented.jpeg,train,1d
110926-01 HE.mrxs.label_rotated.jpeg,train,1d
102157 CD15.mrxs.label.jpeg,train,dmtx
102157 CD15.mrxs.label_augmented.jpeg,train,dmtx
102157 CD15.mrxs.label_rotated.jpeg,train,dmtx
B00381794_001_PR.mrxs.label.jpeg,train,dmtx
B00381794_001_PR.mrxs.label_augmented.jpeg,train,dmtx
B00381794_001_PR.mrxs.label_rotated.jpeg,train,dmtx
102034-01-1-HE.mrxs.label.jpeg,train,1d
102034-01-1-HE.mrxs.label_augmented.jpeg,train,1d
102034-01-1-HE.mrxs.label_rotated.jpeg,train,1d
101765 ER.mrxs.label.jpeg,train,1d
101765 ER.mrxs.label_augmented.jpeg,train,1d
101765 ER.mrxs.label_rotated.jpeg,train,1d
115152-01 CD8.mrxs.label.jpeg,train,dmtx
115152-01 CD8.mrxs.label_augmented.jpeg,train,dmtx
115152-01 CD8.mrxs.label_rotated.jpeg,train,dmtx
K00111208_01_12-1-2022_09-16-14.mrxs.label.jpeg.png,train,dmtx
K00111208_01_12-1-2022_09-16-14.mrxs.label.jpeg_augmented.png,train,dmtx
K00111208_01_12-1-2022_09-16-14.mrxs.label.jpeg_rotated.png,train,dmtx
103849 Ki-67.mrxs.label.jpeg,train,1d
103849 Ki-67.mrxs.label_augmented.jpeg,train,1d
103849 Ki-67.mrxs.label_rotated.jpeg,train,1d
114719-01 ING.mrxs.label.jpeg,train,dmtx
114719-01 ING.mrxs.label_augmented.jpeg,train,dmtx
114719-01 ING.mrxs.label_rotated.jpeg,train,dmtx
113069-01 CD3.mrxs.label.jpeg,train,1d
113069-01 CD3.mrxs.label_augmented.jpeg,train,1d
113069-01 CD3.mrxs.label_rotated.jpeg,train,1d
102659-14 HE.mrxs.label.jpeg,train,1d
102659-14 HE.mrxs.label_augmented.jpeg,train,1d
102659-14 HE.mrxs.label_rotated.jpeg,train,1d
343311 ki67.mrxs.label.jpeg,train,1d
343311 ki67.mrxs.label_augmented.jpeg,train,1d
343311 ki67.mrxs.label_rotated.jpeg,train,1d
O00357524_16_HE.mrxs.label.jpeg,train,dmtx
O00357524_16_HE.mrxs.label_augmented.jpeg,train,dmtx
O00357524_16_HE.mrxs.label_rotated.jpeg,train,dmtx
113578_1_HE.mrxs.label - Copy.jpeg,train,dmtx
113578_1_HE.mrxs.label - Copy_augmented.jpeg,train,dmtx
113578_1_HE.mrxs.label - Copy_rotated.jpeg,train,dmtx
K00114282_002_p 16.mrxs.label.jpeg,train,dmtx
K00114282_002_p 16.mrxs.label_augmented.jpeg,train,dmtx
K00114282_002_p 16.mrxs.label_rotated.jpeg,train,dmtx
K00114282_002_vimentin.mrxs.label.jpeg,test,dmtx
K00114282_002_vimentin.mrxs.label_augmented.jpeg,test,dmtx
K00114282_002_vimentin.mrxs.label_rotated.jpeg,test,dmtx
108018 vimentin_1.mrxs.label.jpeg,test,1d
108018 vimentin_1.mrxs.label_augmented.jpeg,test,1d
108018 vimentin_1.mrxs.label_rotated.jpeg,test,1d
110040-1 HE.mrxs.label.jpeg,test,1d
110040-1 HE.mrxs.label_augmented.jpeg,test,1d
110040-1 HE.mrxs.label_rotated.jpeg,test,1d
103431_02cd23.mrxs.label.jpeg,test,1d
103431_02cd23.mrxs.label_augmented.jpeg,test,1d
103431_02cd23.mrxs.label_rotated.jpeg,test,1d
5125-2022-08-05 08.45.24.ndpi.label.jpeg.png,test,dmtx
5125-2022-08-05 08.45.24.ndpi.label.jpeg_augmented.png,test,dmtx
5125-2022-08-05 08.45.24.ndpi.label.jpeg_rotated.png,test,dmtx
108106 EMA.mrxs.label.jpeg,test,1d
108106 EMA.mrxs.label_augmented.jpeg,test,1d
108106 EMA.mrxs.label_rotated.jpeg,test,1d
103202 CK7.mrxs.label.jpeg,test,1d
103202 CK7.mrxs.label_augmented.jpeg,test,1d
103202 CK7.mrxs.label_rotated.jpeg,test,1d
101765-01 HE.mrxs.label.jpeg,test,1d
101765-01 HE.mrxs.label_augmented.jpeg,test,1d
101765-01 HE.mrxs.label_rotated.jpeg,test,1d
104414-01 HE.mrxs.label.jpeg,test,1d
104414-01 HE.mrxs.label_augmented.jpeg,test,1d
104414-01 HE.mrxs.label_rotated.jpeg,test,1d
110838-03 HE.mrxs.label.jpeg,test,1d
110838-03 HE.mrxs.label_augmented.jpeg,test,1d
110838-03 HE.mrxs.label_rotated.jpeg,test,1d
114067-02 HE.mrxs.label.jpeg,test,dmtx
114067-02 HE.mrxs.label_augmented.jpeg,test,dmtx
114067-02 HE.mrxs.label_rotated.jpeg,test,dmtx
118914-01 bcl-6.mrxs.label.jpeg,test,dmtx
118914-01 bcl-6.mrxs.label_augmented.jpeg,test,dmtx
118914-01 bcl-6.mrxs.label_rotated.jpeg,test,dmtx
107782-06 HE.mrxs.label.jpeg,test,1d
107782-06 HE.mrxs.label_augmented.jpeg,test,1d
107782-06 HE.mrxs.label_rotated.jpeg,test,1d
113736_1_HE.mrxs.label.jpeg,test,dmtx
113736_1_HE.mrxs.label_augmented.jpeg,test,dmtx
113736_1_HE.mrxs.label_rotated.jpeg,test,dmtx
114779 EMA.mrxs.label.jpeg,test,dmtx
114779 EMA.mrxs.label_augmented.jpeg,test,dmtx
114779 EMA.mrxs.label_rotated.jpeg,test,dmtx
103202 CDX2.mrxs.label.jpeg,test,1d
103202 CDX2.mrxs.label_augmented.jpeg,test,1d
103202 CDX2.mrxs.label_rotated.jpeg,test,1d
102034-03-1-HE.mrxs.label.jpeg,test,1d
102034-03-1-HE.mrxs.label_augmented.jpeg,test,1d
102034-03-1-HE.mrxs.label_rotated.jpeg,test,1d
113069-01 Mum1.mrxs.label.jpeg,test,1d
113069-01 Mum1.mrxs.label_augmented.jpeg,test,1d
113069-01 Mum1.mrxs.label_rotated.jpeg,test,1d
102050-cyclind1.mrxs.label.jpeg,test,1d
102050-cyclind1.mrxs.label_augmented.jpeg,test,1d
102050-cyclind1.mrxs.label_rotated.jpeg,test,1d
117416-01 CD7.mrxs.label.jpeg,test,dmtx
117416-01 CD7.mrxs.label_augmented.jpeg,test,dmtx
117416-01 CD7.mrxs.label_rotated.jpeg,test,dmtx
118365-01 HE.mrxs.label.jpeg,test,dmtx
118365-01 HE.mrxs.label_augmented.jpeg,test,dmtx
118365-01 HE.mrxs.label_rotated.jpeg,test,dmtx
107782 Ki-67.1.mrxs.label.jpeg,test,1d
107782 Ki-67.1.mrxs.label_augmented.jpeg,test,1d
107782 Ki-67.1.mrxs.label_rotated.jpeg,test,1d
117845-01 Foxl2.mrxs.label.jpeg,test,dmtx
117845-01 Foxl2.mrxs.label_augmented.jpeg,test,dmtx
117845-01 Foxl2.mrxs.label_rotated.jpeg,test,dmtx
B00408335_001_bcl-2.mrxs.label.jpeg,test,dmtx
B00408335_001_bcl-2.mrxs.label_augmented.jpeg,test,dmtx
B00408335_001_bcl-2.mrxs.label_rotated.jpeg,test,dmtx
K00114834_001HE.mrxs.label.jpeg.png,test,dmtx
K00114834_001HE.mrxs.label.jpeg_augmented.png,test,dmtx
K00114834_001HE.mrxs.label.jpeg_rotated.png,test,dmtx
FAILbarcode_402712 - 2022-08-05 09.32.17_label.png,test,dmtx
FAILbarcode_402712 - 2022-08-05 09.32.17_label_augmented.png,test,dmtx
FAILbarcode_402712 - 2022-08-05 09.32.17_label_rotated.png,test,dmtx
102046-he2.mrxs.label.jpeg,test,1d
102046-he2.mrxs.label_augmented.jpeg,test,1d
102046-he2.mrxs.label_rotated.jpeg,test,1d
107782-01 bcl-2.mrxs.label.jpeg,test,1d
107782-01 bcl-2.mrxs.label_augmented.jpeg,test,1d
107782-01 bcl-2.mrxs.label_rotated.jpeg,test,1d
117416-01 CD2.mrxs.label.jpeg,test,dmtx
117416-01 CD2.mrxs.label_augmented.jpeg,test,dmtx
117416-01 CD2.mrxs.label_rotated.jpeg,test,dmtx
118365-04 HE.mrxs.label.jpeg,test,dmtx
118365-04 HE.mrxs.label_augmented.jpeg,test,dmtx
118365-04 HE.mrxs.label_rotated.jpeg,test,dmtx
103202 CK7_2019-11-20T02_00_02.4274044Z.mrxs.label.jpeg,test,1d
103202 CK7_2019-11-20T02_00_02.4274044Z.mrxs.label_augmented.jpeg,test,1d
103202 CK7_2019-11-20T02_00_02.4274044Z.mrxs.label_rotated.jpeg,test,1d
107198_02_s100.mrxs.label.jpeg,test,1d
107198_02_s100.mrxs.label_augmented.jpeg,test,1d
107198_02_s100.mrxs.label_rotated.jpeg,test,1d
103683-03 WT1.mrxs.label.jpeg,test,1d
103683-03 WT1.mrxs.label_augmented.jpeg,test,1d
103683-03 WT1.mrxs.label_rotated.jpeg,test,1d
O00418291_001_GATA3.mrxs.label.jpeg.png,val,dmtx
O00418291_001_GATA3.mrxs.label.jpeg_augmented.png,val,dmtx
O00418291_001_GATA3.mrxs.label.jpeg_rotated.png,val,dmtx
113808-01 HE.mrxs.label.jpeg,val,dmtx
113808-01 HE.mrxs.label_augmented.jpeg,val,dmtx
113808-01 HE.mrxs.label_rotated.jpeg,val,dmtx
114779 Ki67.mrxs.label.jpeg,val,dmtx
114779 Ki67.mrxs.label_augmented.jpeg,val,dmtx
114779 Ki67.mrxs.label_rotated.jpeg,val,dmtx
110974-03 HE.mrxs.label.jpeg,val,1d
110974-03 HE.mrxs.label_augmented.jpeg,val,1d
110974-03 HE.mrxs.label_rotated.jpeg,val,1d
104414-03 HE.mrxs.label.jpeg,val,1d
104414-03 HE.mrxs.label_augmented.jpeg,val,1d
104414-03 HE.mrxs.label_rotated.jpeg,val,1d
101765 p53.mrxs.label.jpeg,val,1d
101765 p53.mrxs.label_augmented.jpeg,val,1d
101765 p53.mrxs.label_rotated.jpeg,val,1d
113245-01 HER2.mrxs.label.jpeg,val,dmtx
113245-01 HER2.mrxs.label_augmented.jpeg,val,dmtx
113245-01 HER2.mrxs.label_rotated.jpeg,val,dmtx
118285-02 HE.mrxs.label.jpeg,val,dmtx
118285-02 HE.mrxs.label_augmented.jpeg,val,dmtx
118285-02 HE.mrxs.label_rotated.jpeg,val,dmtx
104372 CK8.mrxs.label.jpeg,val,1d
104372 CK8.mrxs.label_augmented.jpeg,val,1d
104372 CK8.mrxs.label_rotated.jpeg,val,1d
1 PD-L1.1.mrxs.label.jpeg,val,1d
1 PD-L1.1.mrxs.label_augmented.jpeg,val,1d
1 PD-L1.1.mrxs.label_rotated.jpeg,val,1d
102731-02 CD57.mrxs.label.jpeg,val,1d
102731-02 CD57.mrxs.label_augmented.jpeg,val,1d
102731-02 CD57.mrxs.label_rotated.jpeg,val,1d
OKbarcode_5125-2022-08-05 10.14.32_label.png,val,dmtx
OKbarcode_5125-2022-08-05 10.14.32_label_augmented.png,val,dmtx
OKbarcode_5125-2022-08-05 10.14.32_label_rotated.png,val,dmtx
10TMA ER VEN.mrxs.label - Copy.jpeg,val,1d
10TMA ER VEN.mrxs.label - Copy_augmented.jpeg,val,1d
10TMA ER VEN.mrxs.label - Copy_rotated.jpeg,val,1d
1054.svs.label - Copy.jpeg,val,1d
1054.svs.label - Copy_augmented.jpeg,val,1d
1054.svs.label - Copy_rotated.jpeg,val,1d
115417-01 bcl-6.mrxs.label.jpeg,val,dmtx
115417-01 bcl-6.mrxs.label_augmented.jpeg,val,dmtx
115417-01 bcl-6.mrxs.label_rotated.jpeg,val,dmtx
113557_p40.mrxs.label - Copy.jpeg,val,dmtx
113557_p40.mrxs.label - Copy_augmented.jpeg,val,dmtx
113557_p40.mrxs.label - Copy_rotated.jpeg,val,dmtx
113557_TTF1.mrxs.label.jpeg,val,dmtx
113557_TTF1.mrxs.label_augmented.jpeg,val,dmtx
113557_TTF1.mrxs.label_rotated.jpeg,val,dmtx
103849 CK7.mrxs.label.jpeg,val,1d
103849 CK7.mrxs.label_augmented.jpeg,val,1d
103849 CK7.mrxs.label_rotated.jpeg,val,1d
114182_1_pd_l1.mrxs.label.jpeg,val,dmtx
114182_1_pd_l1.mrxs.label_augmented.jpeg,val,dmtx
114182_1_pd_l1.mrxs.label_rotated.jpeg,val,dmtx
113737_1_HE.mrxs.label.jpeg,val,dmtx
113737_1_HE.mrxs.label_augmented.jpeg,val,dmtx
113737_1_HE.mrxs.label_rotated.jpeg,val,dmtx
107782 bcl-6_2019-12-14T13_20_40.7509551Z.mrxs.label.jpeg,val,1d
107782 bcl-6_2019-12-14T13_20_40.7509551Z.mrxs.label_augmented.jpeg,val,1d
107782 bcl-6_2019-12-14T13_20_40.7509551Z.mrxs.label_rotated.jpeg,val,1d
O00371805_07_HE.mrxs.label.jpeg,val,dmtx
O00371805_07_HE.mrxs.label_augmented.jpeg,val,dmtx
O00371805_07_HE.mrxs.label_rotated.jpeg,val,dmtx
O00371804_029_HE.mrxs.label.jpeg,val,dmtx
O00371804_029_HE.mrxs.label_augmented.jpeg,val,dmtx
O00371804_029_HE.mrxs.label_rotated.jpeg,val,dmtx
K00107746_01_13-1-2022_15-23-27.mrxs.label.jpeg.png,val,dmtx
K00107746_01_13-1-2022_15-23-27.mrxs.label.jpeg_augmented.png,val,dmtx
K00107746_01_13-1-2022_15-23-27.mrxs.label.jpeg_rotated.png,val,dmtx
115215-01 HE.mrxs.label.jpeg,val,dmtx
115215-01 HE.mrxs.label_augmented.jpeg,val,dmtx
115215-01 HE.mrxs.label_rotated.jpeg,val,dmtx
114779 TLE1.mrxs.label.jpeg,val,dmtx
114779 TLE1.mrxs.label_augmented.jpeg,val,dmtx
114779 TLE1.mrxs.label_rotated.jpeg,val,dmtx
118285-01 Ki-67.mrxs.label.jpeg,val,dmtx
118285-01 Ki-67.mrxs.label_augmented.jpeg,val,dmtx
118285-01 Ki-67.mrxs.label_rotated.jpeg,val,dmtx
119180-03 PSA.mrxs.label.jpeg,val,dmtx
119180-03 PSA.mrxs.label_augmented.jpeg,val,dmtx
119180-03 PSA.mrxs.label_rotated.jpeg,val,dmtx
313070ki67.mrxs.label.jpeg,val,1d
313070ki67.mrxs.label_augmented.jpeg,val,1d
313070ki67.mrxs.label_rotated.jpeg,val,1d
113582_1_HE.mrxs.label.jpeg,val,dmtx
113582_1_HE.mrxs.label_augmented.jpeg,val,dmtx
113582_1_HE.mrxs.label_rotated.jpeg,val,dmtx
104028 CK20.mrxs.label.jpeg,val,1d
104028 CK20.mrxs.label_augmented.jpeg,val,1d
104028 CK20.mrxs.label_rotated.jpeg,val,1d
103431_02ki67.mrxs.label.jpeg,val,1d
103431_02ki67.mrxs.label_augmented.jpeg,val,1d
103431_02ki67.mrxs.label_rotated.jpeg,val,1d
B00408335_001_bcl-6.mrxs.label.jpeg,val,dmtx
B00408335_001_bcl-6.mrxs.label_augmented.jpeg,val,dmtx
B00408335_001_bcl-6.mrxs.label_rotated.jpeg,val,dmtx
332557 HER2.mrxs.label.jpeg,val,1d
332557 HER2.mrxs.label_augmented.jpeg,val,1d
332557 HER2.mrxs.label_rotated.jpeg,val,1d
